"date","snow_height","degree_coverage","tmean","post_2","post_9387"
2008-01-01,38,10,-14.3,138,79
2008-01-02,38,10,-21.1,138,79
2008-01-03,38,10,-41.6,138,79
2008-01-04,38,10,-44.2,138,79
2008-01-05,38,10,-27.1,138,78
2008-01-06,37,10,-24.5,138,78
2008-01-07,37,10,-41.4,138,78
2008-01-08,37,10,-33.8,138,77
2008-01-09,37,10,-35.6,138,78
2008-01-10,37,10,-45.6,138,78
2008-01-11,37,10,-44.2,138,78
2008-01-12,37,10,-41.0,138,78
2008-01-13,37,10,-35.9,138,78
2008-01-14,37,10,-35.1,138,79
2008-01-15,37,10,-41.1,138,78
2008-01-16,37,10,-41.9,138,78
2008-01-17,37,10,-41.7,138,78
2008-01-18,37,10,-38.3,138,78
2008-01-19,37,10,-38.7,138,78
2008-01-20,37,10,-40.7,138,78
2008-01-21,37,10,-36.6,138,78
2008-01-22,37,10,-24.0,138,78
2008-01-23,38,10,-18.6,138,79
2008-01-24,38,10,-13.9,138,78
2008-01-25,38,10,-19.7,138,78
2008-01-26,38,10,-15.6,138,77
2008-01-27,40,10,-22.7,138,78
2008-01-28,39,10,-26.4,138,79
2008-01-29,39,10,-28.6,138,80
2008-01-30,39,10,-24.8,138,80
2008-01-31,40,10,-19.4,138,80
2008-02-01,40,10,-30.2,138,80
2008-02-02,41,10,-18.7,138,80
2008-02-03,41,10,-18.7,138,81
2008-02-04,41,10,-26.9,138,81
2008-02-05,41,10,-13.0,138,81
2008-02-06,41,10,-13.4,138,81
2008-02-07,41,10,-17.2,137,81
2008-02-08,41,10,-17.6,138,81
2008-02-09,42,10,-25.5,137,81
2008-02-10,42,10,-35.1,137,81
2008-02-11,42,10,-16.9,137,81
2008-02-12,43,10,-17.2,137,81
2008-02-13,43,10,-29.0,136,81
2008-02-14,43,10,-15.3,136,81
2008-02-15,45,10,-9.6,136,81
2008-02-16,45,10,-15.2,136,81
2008-02-17,45,10,-22.2,136,80
2008-02-18,45,10,-24.2,136,80
2008-02-19,45,10,-20.2,135,80
2008-02-20,45,10,-23.0,135,80
2008-02-21,45,10,-28.7,135,81
2008-02-22,45,10,-28.8,135,81
2008-02-23,45,10,-20.4,135,81
2008-02-24,45,10,-17.8,135,81
2008-02-25,45,10,-9.9,135,81
2008-02-26,46,10,-2.7,134,81
2008-02-27,46,10,-3.7,134,81
2008-02-28,46,10,-10.1,134,81
2008-02-29,48,10,-3.5,134,81
2008-03-01,48,10,-14.0,134,81
2008-03-02,49,10,-2.2,134,82
2008-03-03,49,10,-1.0,135,82
2008-03-04,49,10,-4.3,135,83
2008-03-05,49,10,-0.4,135,82
2008-03-06,49,10,-4.4,137,81
2008-03-07,49,10,-5.8,137,83
2008-03-08,45,10,-2.0,137,83
2008-03-09,46,10,-7.2,137,85
2008-03-10,46,10,-8.3,137,86
2008-03-11,46,10,-12.9,137,85
2008-03-12,45,10,-16.2,139,83
2008-03-13,45,10,-20.5,139,83
2008-03-14,45,10,-13.6,139,82
2008-03-15,46,10,-5.0,140,81
2008-03-16,49,10,-5.4,141,82
2008-03-17,48,10,-18.8,142,79
2008-03-18,48,10,-21.9,144,78
2008-03-19,48,10,-10.4,144,76
2008-03-20,48,10,-2.0,145,75
2008-03-21,55,10,-7.1,145,73
2008-03-22,55,10,-16.4,146,71
2008-03-23,52,10,-11.5,147,68
2008-03-24,51,10,2.3,147,68
2008-03-25,46,10,4.0,147,67
2008-03-26,44,10,-2.2,149,68
2008-03-27,43,10,-3.0,149,69
2008-03-28,42,10,-9.0,150,70
2008-03-29,42,10,-8.1,150,69
2008-03-30,42,10,0.7,150,70
2008-03-31,40,10,0.4,150,71
2008-04-01,40,10,-2.7,150,71
2008-04-02,40,10,0.8,150,72
2008-04-03,41,10,-1.8,150,72
2008-04-04,42,10,-12.5,150,71
2008-04-05,42,10,-16.6,150,72
2008-04-06,45,10,-8.1,150,71
2008-04-07,45,10,-11.6,150,70
2008-04-08,45,10,-9.5,150,71
2008-04-09,43,10,-7.5,150,70
2008-04-10,43,10,-12.5,150,70
2008-04-11,43,10,-2.4,150,71
2008-04-12,44,10,-12.5,150,71
2008-04-13,43,10,-10.0,150,71
2008-04-14,43,10,-13.1,150,72
2008-04-15,42,10,-5.7,150,72
2008-04-16,49,10,-5.5,150,71
2008-04-17,46,10,-9.9,150,71
2008-04-18,46,10,-5.2,150,71
2008-04-19,55,10,-5.8,150,71
2008-04-20,54,10,-11.4,150,72
2008-04-21,53,10,-9.7,150,74
2008-04-22,51,10,-3.2,150,75
2008-04-23,45,10,1.6,150,76
2008-04-24,44,10,-2.9,150,76
2008-04-25,42,10,3.6,150,77
2008-04-26,35,10,7.6,150,84
2008-04-27,25,10,0.7,152,87
2008-04-28,20,10,1.2,152,87
2008-04-29,19,10,2.1,152,89
2008-04-30,18,10,2.3,152,89
2008-05-01,16,10,0.6,152,90
2008-05-02,13,10,4.6,153,93
2008-05-03,8,9,3.3,163,100
2008-05-04,6,8,3.3,185,107
2008-05-05,3,6,5.0,211,133
2008-05-06,0,5,4.6,268,181
2008-05-07,0,5,4.7,332,242
2008-05-08,0,4,5.0,400,318
2008-05-09,0,3,4.4,352,474
2008-05-10,0,3,6.0,324,530
2008-05-11,0,2,8.9,384,524
2008-05-12,0,2,11.5,427,502
2008-05-13,0,1,10.0,485,545
2008-05-14,0,1,5.1,579,592
2008-05-15,0,0,4.8,620,636
2008-05-16,0,0,13.1,620,641
2008-05-17,0,0,12.8,600,624
2008-05-18,0,0,11.0,602,594
2008-05-19,0,0,7.2,615,575
2008-05-20,0,0,10.1,612,558
2008-05-21,0,0,9.9,598,529
2008-05-22,0,0,2.7,587,494
2008-05-23,0,0,5.1,574,460
2008-05-24,0,0,10.1,555,425
2008-05-25,0,0,6.6,531,388
2008-05-26,0,0,4.9,521,364
2008-05-27,0,0,3.8,518,331
2008-05-28,0,0,7.4,495,321
2008-05-29,0,0,10.1,476,302
2008-05-30,0,0,13.6,455,284
2008-05-31,0,0,12.8,433,266
2008-06-01,0,0,16.0,422,254
2008-06-02,0,0,16.9,407,241
2008-06-03,0,0,17.9,387,226
2008-06-04,0,0,15.2,371,211
2008-06-05,0,0,13.5,356,197
2008-06-06,0,0,11.7,338,184
2008-06-07,0,0,12.8,323,172
2008-06-08,0,0,13.7,312,164
2008-06-09,0,0,18.6,301,159
2008-06-10,0,0,15.3,289,150
2008-06-11,0,0,12.8,277,143
2008-06-12,0,0,12.5,259,136
2008-06-13,0,0,13.4,249,132
2008-06-14,0,0,13.2,239,131
2008-06-15,0,0,12.4,226,129
2008-06-16,0,0,13.5,214,128
2008-06-17,0,0,17.5,214,125
2008-06-18,0,0,17.2,212,121
2008-06-19,0,0,16.0,207,120
2008-06-20,0,0,16.7,208,120
2008-06-21,0,0,17.4,224,128
2008-06-22,0,0,17.9,232,157
2008-06-23,0,0,18.5,224,194
2008-06-24,0,0,21.1,216,196
2008-06-25,0,0,21.8,214,179
2008-06-26,0,0,20.3,218,160
2008-06-27,0,0,18.7,217,143
2008-06-28,0,0,21.6,230,130
2008-06-29,0,0,20.2,230,127
2008-06-30,0,0,22.8,215,130
2008-07-01,0,0,19.7,210,125
2008-07-02,0,0,18.3,210,117
2008-07-03,0,0,12.9,209,109
2008-07-04,0,0,11.0,208,103
2008-07-05,0,0,14.4,208,100
2008-07-06,0,0,16.2,207,100
2008-07-07,0,0,18.7,206,101
2008-07-08,0,0,18.4,202,102
2008-07-09,0,0,14.7,205,104
2008-07-10,0,0,15.0,207,103
2008-07-11,0,0,13.8,207,100
2008-07-12,0,0,13.1,208,101
2008-07-13,0,0,14.5,210,107
2008-07-14,0,0,16.1,211,109
2008-07-15,0,0,16.5,216,109
2008-07-16,0,0,13.9,228,110
2008-07-17,0,0,16.8,230,117
2008-07-18,0,0,16.0,231,124
2008-07-19,0,0,18.8,231,124
2008-07-20,0,0,20.4,223,125
2008-07-21,0,0,19.5,202,124
2008-07-22,0,0,16.8,195,123
2008-07-23,0,0,17.7,185,122
2008-07-24,0,0,15.2,180,120
2008-07-25,0,0,12.9,175,116
2008-07-26,0,0,16.1,172,114
2008-07-27,0,0,15.1,168,113
2008-07-28,0,0,16.1,166,112
2008-07-29,0,0,14.7,164,108
2008-07-30,0,0,16.5,162,105
2008-07-31,0,0,15.6,160,102
2008-08-01,0,0,17.8,159,101
2008-08-02,0,0,17.7,157,100
2008-08-03,0,0,13.3,155,98
2008-08-04,0,0,13.7,155,97
2008-08-05,0,0,15.5,155,95
2008-08-06,0,0,16.2,155,97
2008-08-07,0,0,15.1,150,98
2008-08-08,0,0,11.1,148,99
2008-08-09,0,0,14.2,146,99
2008-08-10,0,0,13.6,145,96
2008-08-11,0,0,15.4,145,93
2008-08-12,0,0,15.5,144,90
2008-08-13,0,0,12.9,144,87
2008-08-14,0,0,14.6,146,86
2008-08-15,0,0,14.1,147,83
2008-08-16,0,0,13.4,148,83
2008-08-17,0,0,16.6,165,85
2008-08-18,0,0,12.6,170,92
2008-08-19,0,0,14.5,171,107
2008-08-20,0,0,11.5,174,116
2008-08-21,0,0,11.7,174,121
2008-08-22,0,0,9.2,174,125
2008-08-23,0,0,9.0,174,132
2008-08-24,0,0,9.8,174,135
2008-08-25,0,0,11.0,174,136
2008-08-26,0,0,7.8,176,137
2008-08-27,0,0,7.9,176,135
2008-08-28,0,0,8.8,177,134
2008-08-29,0,0,9.8,178,133
2008-08-30,0,0,9.1,180,133
2008-08-31,0,0,12.0,182,135
2008-09-01,0,0,12.9,181,136
2008-09-02,0,0,12.4,177,137
2008-09-03,0,0,11.9,175,133
2008-09-04,0,0,9.2,172,127
2008-09-05,0,0,6.3,168,122
2008-09-06,0,0,3.6,166,117
2008-09-07,0,0,6.4,163,112
2008-09-08,0,0,5.0,160,108
2008-09-09,0,0,6.3,158,105
2008-09-10,0,0,7.0,156,101
2008-09-11,0,0,9.1,155,98
2008-09-12,0,0,9.0,155,96
2008-09-13,0,0,6.1,155,94
2008-09-14,0,0,5.6,155,93
2008-09-15,0,0,5.5,155,92
2008-09-16,0,0,6.9,153,92
2008-09-17,0,0,4.2,150,94
2008-09-18,0,0,2.6,150,95
2008-09-19,0,0,0.8,150,96
2008-09-20,0,0,4.2,151,96
2008-09-21,0,0,3.0,151,95
2008-09-22,0,0,0.7,151,95
2008-09-23,0,0,1.8,151,96
2008-09-24,0,0,4.7,152,96
2008-09-25,0,0,4.4,152,96
2008-09-26,0,0,6.1,153,97
2008-09-27,0,0,5.5,156,98
2008-09-28,0,0,3.1,153,100
2008-09-29,0,0,2.9,150,102
2008-09-30,0,0,2.2,150,103
2008-10-01,0,0,1.1,150,103
2008-10-02,0,0,0.8,147,104
2008-10-03,0,0,3.1,145,101
2008-10-04,0,0,3.0,146,98
2008-10-05,0,0,3.8,145,96
2008-10-06,0,0,4.6,146,96
2008-10-07,0,0,3.4,146,95
2008-10-08,0,0,1.5,150,96
2008-10-09,0,0,-2.0,157,98
2008-10-10,1,10,0.9,158,103
2008-10-11,0,0,4.4,158,109
2008-10-12,0,0,4.2,157,115
2008-10-13,0,0,2.3,155,117
2008-10-14,0,0,0.3,154,118
2008-10-15,0,0,1.4,153,119
2008-10-16,0,0,-0.3,153,116
2008-10-17,0,0,3.5,153,114
2008-10-18,0,0,2.0,151,111
2008-10-19,0,0,1.9,151,110
2008-10-20,1,10,-3.3,151,108
2008-10-21,3,10,-9.5,151,108
2008-10-22,3,10,-12.2,151,108
2008-10-23,3,10,-13.8,151,102
2008-10-24,3,10,-10.8,153,95
2008-10-25,3,10,-1.7,155,87
2008-10-26,4,10,0.0,156,78
2008-10-27,4,10,-3.1,158,77
2008-10-28,5,10,-0.6,159,76
2008-10-29,6,10,0.4,161,78
2008-10-30,10,10,0.1,161,82
2008-10-31,18,10,-2.7,164,86
2008-11-01,16,10,-12.2,164,91
2008-11-02,15,10,-17.1,165,149
2008-11-03,15,10,-16.9,166,133
2008-11-04,15,10,-21.9,167,121
2008-11-05,15,10,-25.8,169,118
2008-11-06,15,10,-24.0,170,116
2008-11-07,15,10,-9.6,170,115
2008-11-08,21,10,-0.6,172,122
2008-11-09,17,10,-0.6,174,132
2008-11-10,19,10,-11.7,176,132
2008-11-11,20,10,-16.0,176,131
2008-11-12,21,10,-18.1,177,130
2008-11-13,22,10,-26.3,179,129
2008-11-14,22,10,-29.7,180,128
2008-11-15,22,10,-29.5,181,127
2008-11-16,22,10,-27.0,181,125
2008-11-17,22,10,-27.8,183,124
2008-11-18,23,10,-12.5,183,121
2008-11-19,25,10,-8.0,183,118
2008-11-20,26,10,-3.1,185,116
2008-11-21,26,10,-15.3,185,116
2008-11-22,26,10,-18.6,185,115
2008-11-23,31,10,-9.7,185,114
2008-11-24,35,10,-6.6,188,113
2008-11-25,36,10,-21.5,188,112
2008-11-26,37,10,-9.9,188,112
2008-11-27,35,10,-6.4,188,111
2008-11-28,35,10,-12.5,188,108
2008-11-29,39,10,-4.3,190,108
2008-11-30,36,10,-14.1,190,109
2008-12-01,36,10,-32.7,190,107
2008-12-02,36,10,-37.8,190,107
2008-12-03,36,10,-42.5,190,106
2008-12-04,36,10,-41.2,190,106
2008-12-05,36,10,-22.8,190,106
2008-12-06,37,10,-22.8,190,106
2008-12-07,39,10,-32.9,190,106
2008-12-08,39,10,-44.3,190,105
2008-12-09,40,10,-25.2,190,104
2008-12-10,40,10,-40.9,190,104
2008-12-11,40,10,-34.9,190,103
2008-12-12,40,10,-18.7,190,101
2008-12-13,40,10,-25.3,189,99
2008-12-14,41,10,-17.6,189,97
2008-12-15,44,10,-26.0,189,96
2008-12-16,45,10,-30.5,189,95
2008-12-17,45,10,-27.8,187,93
2008-12-18,44,10,-38.6,187,92
2008-12-19,44,10,-50.5,187,91
2008-12-20,44,10,-39.1,187,90
2008-12-21,47,10,-19.8,186,89
2008-12-22,49,10,-14.4,186,89
2008-12-23,49,10,-22.5,185,88
2008-12-24,49,10,-16.3,185,87
2008-12-25,49,10,-15.2,185,87
2008-12-26,50,10,-14.1,185,85
2008-12-27,50,10,-18.6,184,85
2008-12-28,49,10,-18.2,184,85
2008-12-29,49,10,-13.6,184,85
2008-12-30,49,10,-24.2,183,84
2008-12-31,49,10,-18.6,183,83
2009-01-01,49,10,-9.9,183,83
2009-01-02,49,10,-17.1,183,82
2009-01-03,49,10,-13.4,181,84
2009-01-04,49,10,-29.3,181,84
2009-01-05,49,10,-28.7,179,83
2009-01-06,49,10,-33.1,179,82
2009-01-07,49,10,-33.2,179,83
2009-01-08,49,10,-35.3,179,82
2009-01-09,49,10,-21.4,177,82
2009-01-10,49,10,-23.2,177,83
2009-01-11,49,10,-27.6,174,82
2009-01-12,49,10,-35.9,174,83
2009-01-13,49,10,-22.7,174,82
2009-01-14,50,10,-24.3,174,82
2009-01-15,50,10,-21.8,174,82
2009-01-16,50,10,-16.7,174,82
2009-01-17,50,10,-20.2,171,81
2009-01-18,50,10,-25.4,171,81
2009-01-19,50,10,-32.1,170,80
2009-01-20,50,10,-37.0,170,80
2009-01-21,50,10,-43.6,167,80
2009-01-22,50,10,-29.3,167,81
2009-01-23,51,10,-25.9,165,80
2009-01-24,51,10,-32.6,164,80
2009-01-25,51,10,-30.9,162,80
2009-01-26,52,10,-21.2,160,80
2009-01-27,53,10,-21.6,159,80
2009-01-28,54,10,-27.4,159,81
2009-01-29,54,10,-37.0,157,79
2009-01-30,54,10,-38.5,157,79
2009-01-31,54,10,-37.8,157,78
2009-02-01,55,10,-37.7,157,78
2009-02-02,55,10,-40.6,157,78
2009-02-03,55,10,-45.2,154,77
2009-02-04,55,10,-36.4,153,76
2009-02-05,55,10,-24.5,153,77
2009-02-06,57,10,-20.8,151,78
2009-02-07,59,10,-28.8,149,77
2009-02-08,61,10,-29.2,148,78
2009-02-09,61,10,-38.8,148,78
2009-02-10,61,10,-39.1,148,78
2009-02-11,61,10,-37.3,148,78
2009-02-12,61,10,-37.1,147,79
2009-02-13,61,10,-41.8,147,78
2009-02-14,61,10,-42.2,147,78
2009-02-15,61,10,-38.1,147,77
2009-02-16,61,10,-37.1,146,78
2009-02-17,61,10,-35.9,146,78
2009-02-18,61,10,-35.0,146,78
2009-02-19,61,10,-28.6,146,77
2009-02-20,61,10,-31.0,146,78
2009-02-21,61,10,-21.8,145,77
2009-02-22,60,10,-28.8,145,76
2009-02-23,60,10,-32.0,142,77
2009-02-24,60,10,-14.3,142,75
2009-02-25,60,10,-12.2,142,76
2009-02-26,61,10,-15.2,142,75
2009-02-27,61,10,-22.9,142,74
2009-02-28,61,10,-15.9,142,73
2009-03-01,61,10,-13.1,139,72
2009-03-02,61,10,-14.3,139,73
2009-03-03,61,10,-11.9,139,72
2009-03-04,61,10,-21.3,139,72
2009-03-05,63,10,-15.0,139,73
2009-03-06,64,10,-21.1,139,72
2009-03-07,64,10,-29.3,139,71
2009-03-08,63,10,-31.1,139,71
2009-03-09,63,10,-17.5,139,71
2009-03-10,65,10,-21.6,139,70
2009-03-11,65,10,-26.6,139,71
2009-03-12,64,10,-14.6,139,72
2009-03-13,62,10,-15.0,139,72
2009-03-14,62,10,-24.7,139,73
2009-03-15,62,10,-32.8,139,74
2009-03-16,62,10,-32.2,139,74
2009-03-17,62,10,-30.3,139,74
2009-03-18,62,10,-25.1,139,74
2009-03-19,62,10,-21.9,139,75
2009-03-20,62,10,-25.4,139,75
2009-03-21,62,10,-22.3,139,75
2009-03-22,62,10,-19.4,139,76
2009-03-23,62,10,-12.7,138,76
2009-03-24,62,10,-12.0,138,75
2009-03-25,62,10,-6.9,138,77
2009-03-26,60,10,-2.7,138,78
2009-03-27,60,10,-10.2,138,77
2009-03-28,60,10,-9.7,138,76
2009-03-29,60,10,-6.5,138,76
2009-03-30,60,10,-2.8,138,76
2009-03-31,58,10,-4.4,138,76
2009-04-01,58,10,-3.9,138,75
2009-04-02,58,10,0.9,138,74
2009-04-03,57,10,2.5,138,75
2009-04-04,53,10,4.1,138,75
2009-04-05,49,10,5.1,138,74
2009-04-06,35,10,5.4,138,75
2009-04-07,28,10,4.1,143,74
2009-04-08,28,10,-2.2,147,77
2009-04-09,28,10,-0.9,148,79
2009-04-10,29,10,-0.5,148,77
2009-04-11,31,10,-8.9,148,76
2009-04-12,28,10,-13.4,148,75
2009-04-13,29,10,-14.4,148,75
2009-04-14,28,10,-8.9,148,74
2009-04-15,28,10,0.3,148,74
2009-04-16,27,10,0.8,149,74
2009-04-17,25,10,1.9,150,75
2009-04-18,23,10,3.4,151,75
2009-04-19,19,10,2.9,153,76
2009-04-20,17,10,-0.7,157,77
2009-04-21,16,10,-0.3,159,79
2009-04-22,14,10,4.1,162,81
2009-04-23,11,9,5.2,189,85
2009-04-24,9,8,5.9,228,90
2009-04-25,7,7,7.3,256,113
2009-04-26,4,5,7.2,327,173
2009-04-27,0,4,8.7,461,307
2009-04-28,0,3,5.0,571,487
2009-04-29,0,3,-0.4,682,726
2009-04-30,6,10,0.6,490,839
2009-05-01,0,3,1.1,474,829
2009-05-02,0,2,-0.6,495,894
2009-05-03,0,2,0.6,505,972
2009-05-04,0,2,8.2,468,931
2009-05-05,0,2,2.5,500,567
2009-05-06,0,2,-0.9,488,491
2009-05-07,0,4,-0.9,497,450
2009-05-08,0,2,-0.6,484,406
2009-05-09,0,2,2.3,482,390
2009-05-10,0,6,1.8,466,389
2009-05-11,0,2,3.8,441,379
2009-05-12,0,1,5.2,435,371
2009-05-13,0,1,4.0,454,392
2009-05-14,0,1,2.9,466,437
2009-05-15,0,0,5.2,478,450
2009-05-16,0,0,4.6,480,450
2009-05-17,0,0,5.7,493,454
2009-05-18,0,0,4.4,512,458
2009-05-19,0,0,3.6,518,463
2009-05-20,0,0,2.1,531,499
2009-05-21,0,0,4.0,528,523
2009-05-22,0,0,0.5,509,520
2009-05-23,0,0,3.5,488,493
2009-05-24,0,0,4.5,482,462
2009-05-25,0,0,5.5,480,426
2009-05-26,0,0,8.8,466,399
2009-05-27,0,0,6.7,471,379
2009-05-28,0,0,9.7,538,401
2009-05-29,0,0,11.6,571,473
2009-05-30,0,0,11.8,538,490
2009-05-31,0,0,12.0,522,474
2009-06-01,0,0,16.0,511,455
2009-06-02,0,0,13.7,494,434
2009-06-03,0,0,18.4,470,405
2009-06-04,0,0,16.8,450,374
2009-06-05,0,0,14.2,427,352
2009-06-06,0,0,14.3,407,337
2009-06-07,0,0,16.6,382,320
2009-06-08,0,0,17.4,351,284
2009-06-09,0,0,15.1,334,264
2009-06-10,0,0,19.9,327,228
2009-06-11,0,0,22.0,310,207
2009-06-12,0,0,23.1,292,194
2009-06-13,0,0,21.9,276,181
2009-06-14,0,0,19.4,259,166
2009-06-15,0,0,13.4,246,151
2009-06-16,0,0,14.1,225,139
2009-06-17,0,0,14.8,208,129
2009-06-18,0,0,13.8,196,120
2009-06-19,0,0,15.1,184,110
2009-06-20,0,0,15.4,177,101
2009-06-21,0,0,16.6,170,98
2009-06-22,0,0,13.4,165,94
2009-06-23,0,0,11.9,162,86
2009-06-24,0,0,15.4,160,84
2009-06-25,0,0,14.2,159,81
2009-06-26,0,0,15.9,159,79
2009-06-27,0,0,16.2,160,75
2009-06-28,0,0,18.3,161,73
2009-06-29,0,0,14.8,160,74
2009-06-30,0,0,16.1,158,76
2009-07-01,0,0,15.9,158,76
2009-07-02,0,0,18.6,161,77
2009-07-03,0,0,15.5,165,76
2009-07-04,0,0,14.1,165,76
2009-07-05,0,0,16.1,163,76
2009-07-06,0,0,16.7,160,75
2009-07-07,0,0,15.7,156,75
2009-07-08,0,0,15.3,153,75
2009-07-09,0,0,14.6,152,73
2009-07-10,0,0,19.4,150,70
2009-07-11,0,0,18.2,147,67
2009-07-12,0,0,17.4,146,65
2009-07-13,0,0,18.5,142,61
2009-07-14,0,0,20.0,140,59
2009-07-15,0,0,20.7,139,56
2009-07-16,0,0,18.5,137,53
2009-07-17,0,0,17.1,136,52
2009-07-18,0,0,21.0,136,51
2009-07-19,0,0,20.7,135,49
2009-07-20,0,0,19.2,134,48
2009-07-21,0,0,20.4,134,47
2009-07-22,0,0,20.8,134,46
2009-07-23,0,0,20.6,133,45
2009-07-24,0,0,20.6,133,45
2009-07-25,0,0,18.5,135,46
2009-07-26,0,0,16.4,139,46
2009-07-27,0,0,12.8,149,48
2009-07-28,0,0,12.4,158,54
2009-07-29,0,0,11.3,163,58
2009-07-30,0,0,13.2,173,56
2009-07-31,0,0,15.5,175,56
2009-08-01,0,0,16.3,171,58
2009-08-02,0,0,14.0,167,61
2009-08-03,0,0,15.7,161,67
2009-08-04,0,0,16.9,158,74
2009-08-05,0,0,18.7,155,70
2009-08-06,0,0,18.2,153,67
2009-08-07,0,0,15.8,153,65
2009-08-08,0,0,14.9,150,63
2009-08-09,0,0,13.1,148,62
2009-08-10,0,0,16.3,146,59
2009-08-11,0,0,17.6,144,57
2009-08-12,0,0,16.9,141,55
2009-08-13,0,0,14.1,138,54
2009-08-14,0,0,11.6,136,53
2009-08-15,0,0,12.4,134,53
2009-08-16,0,0,12.8,133,52
2009-08-17,0,0,13.0,132,50
2009-08-18,0,0,13.5,131,48
2009-08-19,0,0,13.3,129,46
2009-08-20,0,0,13.8,127,44
2009-08-21,0,0,15.6,126,42
2009-08-22,0,0,14.9,126,40
2009-08-23,0,0,13.8,126,39
2009-08-24,0,0,13.8,125,39
2009-08-25,0,0,13.8,125,39
2009-08-26,0,0,12.1,125,38
2009-08-27,0,0,10.6,124,38
2009-08-28,0,0,12.1,124,37
2009-08-29,0,0,12.5,123,36
2009-08-30,0,0,11.1,123,34
2009-08-31,0,0,14.8,123,34
2009-09-01,0,0,13.3,123,34
2009-09-02,0,0,7.7,123,35
2009-09-03,0,0,4.6,123,35
2009-09-04,0,0,4.5,123,35
2009-09-05,0,0,8.0,123,34
2009-09-06,0,0,5.5,123,34
2009-09-07,0,0,9.5,124,33
2009-09-08,0,0,9.2,124,33
2009-09-09,0,0,12.3,124,34
2009-09-10,0,0,13.5,124,34
2009-09-11,0,0,14.8,124,33
2009-09-12,0,0,13.4,124,33
2009-09-13,0,0,9.2,124,34
2009-09-14,0,0,3.7,125,34
2009-09-15,0,0,5.3,125,34
2009-09-16,0,0,3.0,125,34
2009-09-17,0,0,3.9,124,33
2009-09-18,0,0,5.9,124,34
2009-09-19,0,0,2.9,124,34
2009-09-20,0,0,0.4,124,35
2009-09-21,0,0,1.4,123,35
2009-09-22,0,0,3.9,122,35
2009-09-23,0,0,1.6,122,35
2009-09-24,0,0,4.7,123,35
2009-09-25,0,0,3.3,124,36
2009-09-26,0,0,4.2,126,36
2009-09-27,0,0,7.1,128,37
2009-09-28,0,0,8.6,129,39
2009-09-29,0,0,7.1,132,41
2009-09-30,0,0,5.0,133,41
2009-10-01,0,0,3.4,134,41
2009-10-02,0,0,7.7,139,41
2009-10-03,0,0,7.8,145,42
2009-10-04,0,0,7.0,147,46
2009-10-05,0,0,4.5,151,49
2009-10-06,0,0,7.9,152,57
2009-10-07,0,0,7.0,152,66
2009-10-08,0,0,5.8,151,76
2009-10-09,0,0,4.3,149,73
2009-10-10,0,0,2.0,147,71
2009-10-11,0,0,1.8,145,67
2009-10-12,0,0,1.0,142,65
2009-10-13,0,0,-0.3,140,62
2009-10-14,0,0,-2.6,137,59
2009-10-15,0,0,-3.9,136,56
2009-10-16,0,0,-2.7,135,54
2009-10-17,1,10,-3.6,133,52
2009-10-18,2,10,-4.2,130,49
2009-10-19,4,10,-3.5,126,47
2009-10-20,9,10,-5.5,133,45
2009-10-21,10,10,-5.7,140,44
2009-10-22,10,10,-5.7,142,40
2009-10-23,12,10,-8.7,147,38
2009-10-24,12,10,-10.2,153,36
2009-10-25,12,10,-15.3,155,38
2009-10-26,12,10,-11.7,158,41
2009-10-27,18,10,-11.9,162,43
2009-10-28,17,10,-17.3,166,44
2009-10-29,17,10,-24.9,170,47
2009-10-30,17,10,-29.0,173,49
2009-10-31,17,10,-30.8,172,52
2009-11-01,16,10,-19.3,170,52
2009-11-02,17,10,-5.6,167,54
2009-11-03,16,10,-4.0,165,55
2009-11-04,33,10,-6.9,161,57
2009-11-05,29,10,-15.3,158,60
2009-11-06,29,10,-25.3,154,62
2009-11-07,27,10,-30.8,152,65
2009-11-08,27,10,-19.4,150,68
2009-11-09,27,10,-18.6,149,70
2009-11-10,26,10,-23.9,149,71
2009-11-11,26,10,-28.8,148,72
2009-11-12,26,10,-30.5,148,72
2009-11-13,26,10,-31.2,147,71
2009-11-14,26,10,-22.7,147,73
2009-11-15,24,10,-24.7,147,72
2009-11-16,25,10,-17.5,147,72
2009-11-17,25,10,-24.1,147,72
2009-11-18,25,10,-14.2,147,72
2009-11-19,25,10,-21.1,146,73
2009-11-20,25,10,-24.9,146,74
2009-11-21,25,10,-38.3,146,72
2009-11-22,25,10,-39.8,145,70
2009-11-23,25,10,-43.1,145,68
2009-11-24,25,10,-40.5,145,66
2009-11-25,25,10,-37.4,145,63
2009-11-26,25,10,-29.1,145,60
2009-11-27,29,10,-16.7,144,58
2009-11-28,29,10,-36.8,144,57
2009-11-29,29,10,-44.4,143,56
2009-11-30,29,10,-43.6,143,55
2009-12-01,30,10,-27.3,143,54
2009-12-02,36,10,-15.6,143,53
2009-12-03,42,10,-34.4,143,52
2009-12-04,37,10,-31.6,142,50
2009-12-05,38,10,-17.9,142,49
2009-12-06,42,10,-11.8,142,48
2009-12-07,43,10,-22.5,142,49
2009-12-08,43,10,-42.3,142,47
2009-12-09,43,10,-43.8,142,46
2009-12-10,43,10,-45.1,141,46
2009-12-11,43,10,-42.9,141,46
2009-12-12,42,10,-41.7,141,46
2009-12-13,42,10,-36.7,141,45
2009-12-14,41,10,-42.3,140,45
2009-12-15,41,10,-44.1,140,45
2009-12-16,41,10,-43.8,140,45
2009-12-17,41,10,-40.7,139,45
2009-12-18,40,10,-39.3,139,45
2009-12-19,40,10,-32.5,139,45
2009-12-20,40,10,-43.2,139,45
2009-12-21,40,10,-36.0,138,46
2009-12-22,41,10,-29.6,138,45
2009-12-23,41,10,-44.8,138,44
2009-12-24,40,10,-37.5,138,44
2009-12-25,39,10,-42.4,135,45
2009-12-26,39,10,-47.8,135,44
2009-12-27,39,10,-38.9,135,45
2009-12-28,40,10,-36.0,133,45
2009-12-29,40,10,-46.0,133,44
2009-12-30,40,10,-48.1,133,44
2009-12-31,40,10,-40.4,133,44
2010-01-01,40,10,-41.0,133,44
2010-01-02,40,10,-39.8,133,44
2010-01-03,40,10,-39.2,133,43
2010-01-04,40,10,-41.6,133,44
2010-01-05,40,10,-44.0,133,45
2010-01-06,40,10,-34.7,133,43
2010-01-07,40,10,-32.1,133,43
2010-01-08,40,10,-29.5,133,42
2010-01-09,40,10,-34.3,133,42
2010-01-10,39,10,-37.7,133,41
2010-01-11,39,10,-42.1,133,41
2010-01-12,39,10,-40.6,133,42
2010-01-13,39,10,-31.2,133,41
2010-01-14,39,10,-31.2,133,41
2010-01-15,39,10,-21.0,132,40
2010-01-16,40,10,-19.6,132,40
2010-01-17,40,10,-33.6,132,41
2010-01-18,40,10,-37.9,132,40
2010-01-19,41,10,-29.2,132,40
2010-01-20,41,10,-19.5,132,40
2010-01-21,43,10,-15.1,132,40
2010-01-22,42,10,-17.1,132,40
2010-01-23,42,10,-24.6,132,39
2010-01-24,42,10,-23.9,132,40
2010-01-25,43,10,-22.3,132,40
2010-01-26,43,10,-36.3,132,39
2010-01-27,42,10,-23.3,132,38
2010-01-28,42,10,-18.5,132,39
2010-01-29,42,10,-30.1,132,38
2010-01-30,42,10,-43.3,132,38
2010-01-31,42,10,-44.9,132,38
2010-02-01,42,10,-44.3,132,38
2010-02-02,42,10,-39.4,132,37
2010-02-03,42,10,-38.4,132,38
2010-02-04,42,10,-34.0,132,38
2010-02-05,42,10,-31.1,132,37
2010-02-06,42,10,-28.0,132,37
2010-02-07,42,10,-27.6,132,38
2010-02-08,42,10,-35.0,132,38
2010-02-09,42,10,-33.0,132,37
2010-02-10,42,10,-28.0,132,36
2010-02-11,42,10,-30.6,132,37
2010-02-12,42,10,-28.1,131,38
2010-02-13,42,10,-22.3,131,37
2010-02-14,42,10,-19.6,131,38
2010-02-15,42,10,-21.6,131,39
2010-02-16,42,10,-23.4,131,38
2010-02-17,43,10,-23.9,131,39
2010-02-18,43,10,-29.4,131,38
2010-02-19,43,10,-16.2,131,39
2010-02-20,48,10,-17.5,131,38
2010-02-21,48,10,-32.7,131,40
2010-02-22,48,10,-25.4,131,41
2010-02-23,48,10,-27.3,131,40
2010-02-24,48,10,-36.7,131,39
2010-02-25,48,10,-35.8,131,40
2010-02-26,48,10,-32.9,131,41
2010-02-27,48,10,-32.2,131,41
2010-02-28,48,10,-32.9,131,40
2010-03-01,48,10,-28.0,131,40
2010-03-02,48,10,-26.8,131,41
2010-03-03,47,10,-32.5,131,40
2010-03-04,47,10,-31.1,131,39
2010-03-05,47,10,-31.1,131,41
2010-03-06,47,10,-29.4,131,40
2010-03-07,47,10,-15.2,131,41
2010-03-08,47,10,-11.8,131,40
2010-03-09,47,10,-12.5,131,41
2010-03-10,47,10,-22.9,131,41
2010-03-11,47,10,-24.8,131,41
2010-03-12,47,10,-22.7,131,42
2010-03-13,47,10,-22.4,131,43
2010-03-14,46,10,-23.1,131,43
2010-03-15,46,10,-23.2,131,42
2010-03-16,46,10,-19.7,131,43
2010-03-17,46,10,-15.1,131,43
2010-03-18,47,10,-7.4,130,43
2010-03-19,47,10,-12.4,130,43
2010-03-20,47,10,-12.0,130,43
2010-03-21,47,10,-14.3,130,44
2010-03-22,50,10,-11.5,130,45
2010-03-23,49,10,-18.5,130,44
2010-03-24,49,10,-16.3,130,43
2010-03-25,49,10,-10.2,129,44
2010-03-26,53,10,-2.2,129,45
2010-03-27,55,10,-7.0,129,44
2010-03-28,53,10,-0.7,129,45
2010-03-29,52,10,-7.0,129,44
2010-03-30,52,10,-14.3,129,44
2010-03-31,50,10,-15.1,129,44
2010-04-01,50,10,-14.2,129,45
2010-04-02,50,10,-12.5,129,46
2010-04-03,49,10,-10.7,129,46
2010-04-04,49,10,-8.8,129,48
2010-04-05,48,10,-8.0,129,49
2010-04-06,48,10,-7.3,129,50
2010-04-07,48,10,-11.1,129,51
2010-04-08,47,10,-11.1,129,52
2010-04-09,47,10,-13.0,129,53
2010-04-10,46,10,-14.5,129,53
2010-04-11,46,10,-16.0,129,53
2010-04-12,46,10,-14.9,129,53
2010-04-13,46,10,-13.1,129,53
2010-04-14,46,10,-10.4,129,53
2010-04-15,46,10,-7.4,129,54
2010-04-16,46,10,-4.8,129,54
2010-04-17,45,10,-0.7,129,54
2010-04-18,42,10,-0.5,129,56
2010-04-19,40,10,0.6,129,57
2010-04-20,38,10,0.8,129,57
2010-04-21,36,10,1.6,129,57
2010-04-22,31,10,4.2,129,59
2010-04-23,26,10,-0.9,129,62
2010-04-24,26,10,-6.0,129,58
2010-04-25,25,10,-6.8,129,59
2010-04-26,26,10,-0.3,129,58
2010-04-27,25,10,4.7,131,60
2010-04-28,20,10,7.4,134,63
2010-04-29,16,10,8.5,135,67
2010-04-30,9,7,3.2,135,73
2010-05-01,7,6,4.3,163,83
2010-05-02,5,10,2.1,181,99
2010-05-03,0,5,1.0,210,110
2010-05-04,0,4,1.7,272,127
2010-05-05,0,4,5.3,305,171
2010-05-06,0,3,5.0,356,209
2010-05-07,0,2,5.5,419,286
2010-05-08,0,2,7.2,473,385
2010-05-09,0,1,9.4,499,540
2010-05-10,0,1,3.3,475,494
2010-05-11,0,1,2.2,518,453
2010-05-12,0,0,4.0,611,490
2010-05-13,0,0,10.3,522,516
2010-05-14,0,0,12.7,506,484
2010-05-15,0,0,7.0,522,446
2010-05-16,0,0,4.6,554,433
2010-05-17,0,0,4.7,553,441
2010-05-18,0,0,4.2,534,424
2010-05-19,0,0,3.3,512,401
2010-05-20,2,10,1.7,485,370
2010-05-21,2,10,1.4,467,341
2010-05-22,0,0,4.5,455,318
2010-05-23,0,0,5.0,441,299
2010-05-24,0,0,9.0,426,284
2010-05-25,0,0,9.9,414,276
2010-05-26,0,0,8.3,405,262
2010-05-27,0,0,9.6,396,250
2010-05-28,0,0,8.7,385,239
2010-05-29,0,0,9.5,371,222
2010-05-30,0,0,7.0,358,208
2010-05-31,0,0,12.7,342,200
2010-06-01,0,0,18.0,336,193
2010-06-02,0,0,11.6,331,183
2010-06-03,0,0,12.8,322,174
2010-06-04,0,0,11.2,313,170
2010-06-05,0,0,7.0,301,176
2010-06-06,0,0,7.1,293,177
2010-06-07,0,0,11.9,292,170
2010-06-08,0,0,18.5,291,171
2010-06-09,0,0,18.7,284,188
2010-06-10,0,0,16.4,268,197
2010-06-11,0,0,14.5,250,193
2010-06-12,0,0,17.8,228,178
2010-06-13,0,0,16.3,210,163
2010-06-14,0,0,12.9,193,149
2010-06-15,0,0,14.6,183,134
2010-06-16,0,0,14.8,176,114
2010-06-17,0,0,11.9,168,100
2010-06-18,0,0,10.5,162,89
2010-06-19,0,0,13.3,164,84
2010-06-20,0,0,16.4,167,81
2010-06-21,0,0,15.6,164,79
2010-06-22,0,0,14.9,163,79
2010-06-23,0,0,13.2,163,77
2010-06-24,0,0,13.6,163,76
2010-06-25,0,0,15.9,169,75
2010-06-26,0,0,15.2,181,73
2010-06-27,0,0,13.9,182,72
2010-06-28,0,0,17.1,179,76
2010-06-29,0,0,19.3,173,74
2010-06-30,0,0,19.5,167,81
2010-07-01,0,0,19.4,162,80
2010-07-02,0,0,18.0,158,75
2010-07-03,0,0,16.2,155,72
2010-07-04,0,0,15.8,155,72
2010-07-05,0,0,11.7,154,70
2010-07-06,0,0,13.8,151,64
2010-07-07,0,0,17.2,149,61
2010-07-08,0,0,19.2,146,61
2010-07-09,0,0,22.0,143,61
2010-07-10,0,0,20.2,140,63
2010-07-11,0,0,22.5,136,66
2010-07-12,0,0,23.1,134,66
2010-07-13,0,0,22.1,131,64
2010-07-14,0,0,21.1,130,59
2010-07-15,0,0,20.0,130,57
2010-07-16,0,0,20.9,131,55
2010-07-17,0,0,21.7,131,53
2010-07-18,0,0,23.2,155,50
2010-07-19,0,0,24.1,170,44
2010-07-20,0,0,19.0,174,55
2010-07-21,0,0,19.0,175,56
2010-07-22,0,0,18.9,174,59
2010-07-23,0,0,18.2,173,56
2010-07-24,0,0,16.3,179,55
2010-07-25,0,0,16.3,182,56
2010-07-26,0,0,20.9,186,57
2010-07-27,0,0,15.4,186,56
2010-07-28,0,0,13.5,184,57
2010-07-29,0,0,14.0,180,59
2010-07-30,0,0,10.8,175,60
2010-07-31,0,0,12.0,168,61
2010-08-01,0,0,11.4,159,62
2010-08-02,0,0,11.7,151,59
2010-08-03,0,0,11.6,145,55
2010-08-04,0,0,13.8,138,51
2010-08-05,0,0,11.4,130,48
2010-08-06,0,0,7.1,125,44
2010-08-07,0,0,7.6,121,42
2010-08-08,0,0,11.8,120,40
2010-08-09,0,0,14.5,118,38
2010-08-10,0,0,14.0,117,37
2010-08-11,0,0,13.1,117,36
2010-08-12,0,0,12.0,113,35
2010-08-13,0,0,13.5,106,35
2010-08-14,0,0,13.8,102,34
2010-08-15,0,0,13.8,101,35
2010-08-16,0,0,14.2,102,35
2010-08-17,0,0,11.1,101,35
2010-08-18,0,0,10.6,100,36
2010-08-19,0,0,10.2,100,37
2010-08-20,0,0,11.4,99,36
2010-08-21,0,0,16.0,100,34
2010-08-22,0,0,19.7,100,34
2010-08-23,0,0,19.7,99,33
2010-08-24,0,0,21.8,99,32
2010-08-25,0,0,13.9,100,31
2010-08-26,0,0,10.4,100,32
2010-08-27,0,0,11.3,100,33
2010-08-28,0,0,11.0,101,33
2010-08-29,0,0,15.3,101,33
2010-08-30,0,0,13.5,100,32
2010-08-31,0,0,10.5,100,32
2010-09-01,0,0,15.5,100,33
2010-09-02,0,0,12.4,100,32
2010-09-03,0,0,6.3,100,34
2010-09-04,0,0,5.9,100,34
2010-09-05,0,0,5.3,100,32
2010-09-06,0,0,9.6,100,31
2010-09-07,0,0,8.8,100,32
2010-09-08,0,0,6.2,100,32
2010-09-09,0,0,10.5,100,33
2010-09-10,0,0,8.4,100,34
2010-09-11,0,0,5.6,100,35
2010-09-12,0,0,9.2,100,35
2010-09-13,0,0,3.2,100,36
2010-09-14,0,0,2.0,100,36
2010-09-15,0,0,3.5,101,35
2010-09-16,0,0,1.9,101,36
2010-09-17,0,0,0.3,101,37
2010-09-18,2,10,1.7,101,38
2010-09-19,1,8,1.5,101,38
2010-09-20,1,6,0.9,101,39
2010-09-21,0,0,1.8,103,40
2010-09-22,0,0,2.3,112,41
2010-09-23,0,0,2.4,121,41
2010-09-24,0,0,3.3,122,44
2010-09-25,0,0,0.9,125,45
2010-09-26,1,10,1.2,126,47
2010-09-27,0,0,0.9,128,48
2010-09-28,0,0,1.9,130,50
2010-09-29,0,0,0.6,133,53
2010-09-30,0,0,0.1,137,53
2010-10-01,0,0,1.2,136,55
2010-10-02,0,0,9.9,136,57
2010-10-03,0,0,6.1,136,58
2010-10-04,0,0,2.1,136,58
2010-10-05,2,10,-0.7,136,59
2010-10-06,0,7,-0.3,136,60
2010-10-07,0,0,0.8,136,61
2010-10-08,5,10,-1.6,136,63
2010-10-09,5,10,-1.3,137,62
2010-10-10,3,10,1.6,137,63
2010-10-11,0,6,1.1,137,65
2010-10-12,1,10,-3.0,137,65
2010-10-13,1,10,-7.0,137,2
2010-10-14,1,10,-5.0,138,66
2010-10-15,1,10,-10.4,138,65
2010-10-16,1,10,-8.2,138,65
2010-10-17,1,8,-8.1,127,63
2010-10-18,1,6,-7.6,141,62
2010-10-19,1,4,0.7,143,62
2010-10-20,1,6,-0.5,146,61
2010-10-21,1,10,-5.0,154,62
2010-10-22,1,10,-4.6,147,61
2010-10-23,6,10,-7.0,142,62
2010-10-24,6,10,-11.3,140,62
2010-10-25,6,10,-11.8,137,60
2010-10-26,7,10,-2.3,138,56
2010-10-27,7,10,-5.0,138,55
2010-10-28,11,10,-1.1,138,54
2010-10-29,16,10,-2.0,139,54
2010-10-30,17,10,-4.9,139,53
2010-10-31,17,10,-6.4,140,52
2010-11-01,16,10,-2.6,140,52
2010-11-02,22,10,-4.0,140,52
2010-11-03,22,10,-1.8,140,53
2010-11-04,22,10,-1.3,141,53
2010-11-05,22,10,-1.7,141,54
2010-11-06,22,10,-3.0,141,54
2010-11-07,22,10,1.0,142,55
2010-11-08,20,10,-0.9,143,55
2010-11-09,21,10,-0.8,143,55
2010-11-10,26,10,-4.4,144,55
2010-11-11,26,10,-10.4,145,54
2010-11-12,29,10,-19.4,145,53
2010-11-13,29,10,-23.9,145,54
2010-11-14,27,10,-9.0,145,53
2010-11-15,27,10,-2.7,145,54
2010-11-16,22,10,2.3,144,53
2010-11-17,18,10,1.1,144,54
2010-11-18,19,10,-9.2,144,53
2010-11-19,19,10,-17.1,144,54
2010-11-20,19,10,-22.4,144,53
2010-11-21,19,10,-11.1,144,54
2010-11-22,19,10,-20.1,143,55
2010-11-23,19,10,-24.9,143,56
2010-11-24,20,10,-24.6,143,55
2010-11-25,20,10,-29.1,142,56
2010-11-26,22,10,-25.9,142,55
2010-11-27,22,10,-38.2,142,55
2010-11-28,22,10,-41.2,142,56
2010-11-29,22,10,-38.5,141,56
2010-11-30,22,10,-38.3,141,57
2010-12-01,22,10,-36.7,140,57
2010-12-02,22,10,-38.7,140,56
2010-12-03,24,10,-22.5,140,56
2010-12-04,28,10,-27.2,140,55
2010-12-05,29,10,-23.2,140,57
2010-12-06,29,10,-31.1,140,55
2010-12-07,29,10,-34.3,140,56
2010-12-08,29,10,-40.0,140,56
2010-12-09,29,10,-43.3,140,56
2010-12-10,29,10,-46.5,140,56
2010-12-11,29,10,-46.8,140,56
2010-12-12,29,10,-43.8,140,58
2010-12-13,29,10,-47.6,140,59
2010-12-14,29,10,-34.9,140,58
2010-12-15,29,10,-25.5,140,57
2010-12-16,29,10,-26.3,140,57
2010-12-17,29,10,-24.1,140,58
2010-12-18,30,10,-35.6,140,58
2010-12-19,31,10,-39.3,140,57
2010-12-20,31,10,-36.9,140,58
2010-12-21,31,10,-45.6,139,58
2010-12-22,31,10,-40.7,139,58
2010-12-23,31,10,-32.5,139,57
2010-12-24,31,10,-34.6,139,57
2010-12-25,31,10,-25.5,139,58
2010-12-26,31,10,-33.8,139,56
2010-12-27,31,10,-40.9,139,57
2010-12-28,31,10,-42.1,139,56
2010-12-29,31,10,-40.5,139,56
2010-12-30,31,10,-43.1,139,56
2010-12-31,31,10,-35.0,139,56
2011-01-01,31,10,-36.7,139,56
2011-01-02,31,10,-40.0,139,56
2011-01-03,31,10,-36.5,139,55
2011-01-04,31,10,-35.2,139,55
2011-01-05,31,10,-36.9,139,54
2011-01-06,31,10,-25.5,139,54
2011-01-07,31,10,-34.6,139,55
2011-01-08,31,10,-28.1,139,54
2011-01-09,31,10,-25.9,139,55
2011-01-10,31,10,-34.7,139,54
2011-01-11,31,10,-41.4,139,54
2011-01-12,32,10,-37.3,139,53
2011-01-13,32,10,-38.0,139,53
2011-01-14,32,10,-25.0,139,54
2011-01-15,32,10,-30.5,139,53
2011-01-16,32,10,-26.0,139,53
2011-01-17,34,10,-22.8,139,53
2011-01-18,34,10,-25.2,139,54
2011-01-19,37,10,-21.5,139,53
2011-01-20,37,10,-31.1,139,53
2011-01-21,37,10,-35.1,139,52
2011-01-22,37,10,-36.1,139,51
2011-01-23,37,10,-35.7,139,52
2011-01-24,37,10,-31.1,139,52
2011-01-25,37,10,-30.4,139,52
2011-01-26,37,10,-33.0,139,52
2011-01-27,37,10,-34.8,139,53
2011-01-28,38,10,-21.5,139,51
2011-01-29,38,10,-11.7,139,51
2011-01-30,39,10,-8.1,139,51
2011-01-31,39,10,-6.3,139,51
2011-02-01,39,10,-11.3,139,51
2011-02-02,39,10,-22.0,139,52
2011-02-03,40,10,-25.9,139,51
2011-02-04,40,10,-15.7,139,51
2011-02-05,40,10,-18.6,139,51
2011-02-06,40,10,-29.8,139,51
2011-02-07,40,10,-35.6,139,51
2011-02-08,40,10,-38.5,139,51
2011-02-09,40,10,-36.2,139,51
2011-02-10,40,10,-33.5,139,51
2011-02-11,40,10,-27.0,139,50
2011-02-12,40,10,-25.7,139,49
2011-02-13,40,10,-13.9,139,49
2011-02-14,41,10,-15.5,139,48
2011-02-15,42,10,-16.3,139,47
2011-02-16,42,10,-27.9,139,47
2011-02-17,42,10,-29.5,139,46
2011-02-18,43,10,-21.3,139,46
2011-02-19,45,10,-13.7,139,46
2011-02-20,45,10,-19.0,139,46
2011-02-21,45,10,-29.0,139,46
2011-02-22,45,10,-27.2,139,45
2011-02-23,45,10,-31.4,139,44
2011-02-24,46,10,-20.2,139,43
2011-02-25,44,10,-27.3,139,42
2011-02-26,45,10,-14.0,139,41
2011-02-27,45,10,-18.9,139,41
2011-02-28,45,10,-30.1,139,40
2011-03-01,45,10,-10.9,139,40
2011-03-02,45,10,-6.8,139,41
2011-03-03,44,10,-8.6,139,40
2011-03-04,46,10,-20.6,139,41
2011-03-05,46,10,-11.5,139,40
2011-03-06,45,10,-15.8,139,40
2011-03-07,45,10,-17.2,139,41
2011-03-08,44,10,-7.4,139,40
2011-03-09,45,10,-8.4,139,41
2011-03-10,45,10,-18.7,139,41
2011-03-11,49,10,-9.8,139,42
2011-03-12,49,10,-16.1,139,43
2011-03-13,49,10,-8.2,139,42
2011-03-14,49,10,-12.3,139,42
2011-03-15,49,10,-5.8,139,42
2011-03-16,47,10,-1.6,139,43
2011-03-17,46,10,-8.5,139,43
2011-03-18,46,10,-20.4,139,43
2011-03-19,45,10,-19.9,139,43
2011-03-20,46,10,-13.5,139,43
2011-03-21,46,10,-6.4,139,44
2011-03-22,46,10,-12.3,139,45
2011-03-23,45,10,-7.4,139,47
2011-03-24,45,10,-7.3,139,47
2011-03-25,44,10,-0.3,139,47
2011-03-26,41,10,3.9,139,46
2011-03-27,38,10,5.6,139,48
2011-03-28,37,10,-1.1,139,49
2011-03-29,34,10,0.4,139,47
2011-03-30,34,10,-5.1,139,47
2011-03-31,34,10,-5.3,139,48
2011-04-01,34,10,-0.8,139,50
2011-04-02,32,10,-2.3,139,51
2011-04-03,36,10,-0.4,139,51
2011-04-04,36,10,-4.1,139,51
2011-04-05,36,10,-8.0,139,51
2011-04-06,37,10,-3.6,139,52
2011-04-07,36,10,-4.1,139,51
2011-04-08,38,10,-10.1,139,52
2011-04-09,37,10,-6.6,139,52
2011-04-10,36,10,1.1,139,52
2011-04-11,31,10,6.2,139,58
2011-04-12,25,10,-2.4,139,63
2011-04-13,28,10,1.4,139,63
2011-04-14,24,10,2.9,139,63
2011-04-15,22,10,2.5,139,63
2011-04-16,22,10,5.7,139,61
2011-04-17,18,10,7.6,139,63
2011-04-18,15,10,4.8,139,65
2011-04-19,13,10,5.1,145,69
2011-04-20,9,10,3.6,164,80
2011-04-21,5,10,3.6,197,96
2011-04-22,3,8,5.9,252,122
2011-04-23,2,6,11.1,321,185
2011-04-24,0,5,9.3,436,283
2011-04-25,0,4,4.3,515,394
2011-04-26,0,3,2.7,503,732
2011-04-27,0,2,6.5,504,486
2011-04-28,0,1,7.1,482,461
2011-04-29,0,0,6.7,525,493
2011-04-30,0,0,3.9,514,479
2011-05-01,0,0,4.4,522,470
2011-05-02,0,0,3.2,517,460
2011-05-03,2,10,2.0,524,478
2011-05-04,1,10,3.6,552,482
2011-05-05,0,0,5.0,542,490
2011-05-06,0,0,8.0,528,476
2011-05-07,0,0,9.1,520,462
2011-05-08,0,0,6.8,514,439
2011-05-09,0,0,1.3,513,417
2011-05-10,0,0,-1.0,511,399
2011-05-11,0,0,0.2,494,384
2011-05-12,0,0,3.7,473,353
2011-05-13,0,0,10.5,453,320
2011-05-14,0,0,18.3,427,294
2011-05-15,0,0,9.0,417,269
2011-05-16,0,0,4.9,422,255
2011-05-17,0,0,1.3,426,246
2011-05-18,1,9,1.7,424,244
2011-05-19,0,0,6.0,412,242
2011-05-20,0,0,10.3,392,239
2011-05-21,0,0,13.7,375,231
2011-05-22,0,0,12.5,363,225
2011-05-23,0,0,12.9,355,218
2011-05-24,0,0,14.3,344,212
2011-05-25,0,0,10.8,335,207
2011-05-26,0,0,12.8,322,199
2011-05-27,0,0,14.2,308,186
2011-05-28,0,0,16.3,293,168
2011-05-29,0,0,18.1,276,159
2011-05-30,0,0,17.0,256,151
2011-05-31,0,0,16.4,239,136
2011-06-01,0,0,16.5,229,122
2011-06-02,0,0,18.2,216,111
2011-06-03,0,0,17.4,201,97
2011-06-04,0,0,17.1,184,93
2011-06-05,0,0,16.5,169,85
2011-06-06,0,0,15.4,161,78
2011-06-07,0,0,15.6,153,68
2011-06-08,0,0,18.4,147,58
2011-06-09,0,0,17.5,141,52
2011-06-10,0,0,18.8,136,46
2011-06-11,0,0,19.4,131,42
2011-06-12,0,0,19.4,126,40
2011-06-13,0,0,21.5,125,39
2011-06-14,0,0,19.6,126,37
2011-06-15,0,0,21.4,125,34
2011-06-16,0,0,19.9,122,32
2011-06-17,0,0,16.5,122,30
2011-06-18,0,0,14.0,127,27
2011-06-19,0,0,14.5,137,29
2011-06-20,0,0,16.4,136,28
2011-06-21,0,0,19.0,130,26
2011-06-22,0,0,20.1,126,25
2011-06-23,0,0,22.2,124,28
2011-06-24,0,0,20.1,122,29
2011-06-25,0,0,14.4,120,30
2011-06-26,0,0,13.9,120,30
2011-06-27,0,0,16.5,132,30
2011-06-28,0,0,17.2,171,28
2011-06-29,0,0,13.2,177,40
2011-06-30,0,0,13.0,168,97
2011-07-01,0,0,18.8,158,111
2011-07-02,0,0,23.2,144,100
2011-07-03,0,0,25.2,143,78
2011-07-04,0,0,14.0,141,66
2011-07-05,0,0,14.3,137,73
2011-07-06,0,0,19.2,135,68
2011-07-07,0,0,19.1,132,64
2011-07-08,0,0,12.8,131,59
2011-07-09,0,0,12.1,128,54
2011-07-10,0,0,15.1,126,49
2011-07-11,0,0,16.5,124,44
2011-07-12,0,0,17.2,120,41
2011-07-13,0,0,20.1,117,37
2011-07-14,0,0,24.7,115,33
2011-07-15,0,0,21.4,113,28
2011-07-16,0,0,16.6,112,25
2011-07-17,0,0,19.9,112,23
2011-07-18,0,0,18.4,114,21
2011-07-19,0,0,19.4,116,19
2011-07-20,0,0,21.2,118,17
2011-07-21,0,0,21.0,118,15
2011-07-22,0,0,21.2,117,14
2011-07-23,0,0,15.2,117,14
2011-07-24,0,0,12.5,116,11
2011-07-25,0,0,13.8,114,10
2011-07-26,0,0,14.5,112,8
2011-07-27,0,0,11.3,110,9
2011-07-28,0,0,14.6,110,10
2011-07-29,0,0,12.3,110,7
2011-07-30,0,0,9.3,110,5
2011-07-31,0,0,13.0,110,5
2011-08-01,0,0,14.7,110,5
2011-08-02,0,0,20.0,110,4
2011-08-03,0,0,19.7,109,4
2011-08-04,0,0,23.8,109,5
2011-08-05,0,0,22.8,109,5
2011-08-06,0,0,18.3,109,7
2011-08-07,0,0,12.8,109,5
2011-08-08,0,0,13.5,109,5
2011-08-09,0,0,12.2,109,5
2011-08-10,0,0,15.5,110,4
2011-08-11,0,0,15.0,112,2
2011-08-12,0,0,14.6,113,2
2011-08-13,0,0,17.3,114,4
2011-08-14,0,0,17.2,114,6
2011-08-15,0,0,18.2,114,6
2011-08-16,0,0,15.8,113,8
2011-08-17,0,0,14.9,111,12
2011-08-18,0,0,17.7,110,12
2011-08-19,0,0,15.5,108,10
2011-08-20,0,0,13.3,106,9
2011-08-21,0,0,17.0,105,8
2011-08-22,0,0,14.0,105,8
2011-08-23,0,0,11.5,105,8
2011-08-24,0,0,12.3,105,6
2011-08-25,0,0,13.6,105,4
2011-08-26,0,0,15.0,104,3
2011-08-27,0,0,11.8,104,2
2011-08-28,0,0,8.7,104,2
2011-08-29,0,0,5.7,104,1
2011-08-30,0,0,7.9,104,0
2011-08-31,0,0,9.3,103,-1
2011-09-01,0,0,10.2,103,-1
2011-09-02,0,0,7.4,103,0
2011-09-03,0,0,5.7,103,2
2011-09-04,0,0,5.8,104,1
2011-09-05,0,0,6.2,106,2
2011-09-06,0,0,5.2,112,2
2011-09-07,0,0,5.3,115,3
2011-09-08,0,0,5.6,118,4
2011-09-09,0,0,7.6,121,7
2011-09-10,0,0,6.0,125,13
2011-09-11,0,0,4.2,129,17
2011-09-12,0,0,6.1,134,18
2011-09-13,0,0,3.8,145,19
2011-09-14,0,0,6.8,149,21
2011-09-15,0,0,6.8,149,23
2011-09-16,0,0,5.0,149,23
2011-09-17,0,0,6.0,148,24
2011-09-18,0,0,7.8,146,28
2011-09-19,0,0,7.8,144,32
2011-09-20,0,0,11.4,142,33
2011-09-21,0,0,9.8,139,31
2011-09-22,0,0,8.2,136,29
2011-09-23,0,0,7.7,133,27
2011-09-24,0,0,2.3,130,26
2011-09-25,0,0,1.0,127,23
2011-09-26,0,0,0.0,125,21
2011-09-27,0,0,-3.9,123,19
2011-09-28,0,0,0.8,120,16
2011-09-29,0,0,8.5,118,13
2011-09-30,0,0,5.8,115,11
2011-10-01,0,0,4.1,114,9
2011-10-02,0,0,4.0,114,8
2011-10-03,0,0,4.5,114,7
2011-10-04,0,0,2.5,114,5
2011-10-05,0,0,2.2,114,4
2011-10-06,0,0,6.2,114,4
2011-10-07,0,0,7.1,114,3
2011-10-08,0,0,5.3,114,2
2011-10-09,0,0,6.3,114,2
2011-10-10,0,0,8.3,114,1
2011-10-11,0,0,8.7,114,1
2011-10-12,0,0,5.3,114,2
2011-10-13,0,0,0.7,114,4
2011-10-14,0,0,5.6,114,6
2011-10-15,0,0,-1.2,115,8
2011-10-16,0,10,-2.6,115,6
2011-10-17,0,0,6.8,120,5
2011-10-18,0,0,4.8,122,4
2011-10-19,3,10,-0.7,123,4
2011-10-20,3,10,-1.8,124,3
2011-10-21,5,10,-1.2,126,4
2011-10-22,5,10,-2.3,127,6
2011-10-23,5,10,-0.3,128,12
2011-10-24,5,10,0.5,130,17
2011-10-25,5,10,1.0,131,17
2011-10-26,6,10,-2.7,132,18
2011-10-27,15,10,-6.8,134,19
2011-10-28,15,10,-14.6,136,20
2011-10-29,16,10,-16.3,138,19
2011-10-30,16,10,-14.3,140,18
2011-10-31,17,10,-7.3,140,17
2011-11-01,17,10,-8.0,140,16
2011-11-02,17,10,-6.5,142,17
2011-11-03,18,10,-10.7,143,17
2011-11-04,23,10,-3.1,144,18
2011-11-05,24,10,0.7,146,20
2011-11-06,20,10,0.7,147,24
2011-11-07,19,10,-0.4,148,26
2011-11-08,20,10,-4.9,150,29
2011-11-09,20,10,-12.7,151,30
2011-11-10,20,10,-18.8,152,33
2011-11-11,20,10,-27.1,150,31
2011-11-12,20,10,-27.5,147,30
2011-11-13,20,10,-26.0,144,29
2011-11-14,20,10,-11.4,141,28
2011-11-15,23,10,-12.4,139,27
2011-11-16,23,10,-28.4,138,26
2011-11-17,23,10,-28.5,138,26
2011-11-18,23,10,-33.0,137,25
2011-11-19,23,10,-32.1,137,24
2011-11-20,23,10,-24.6,136,25
2011-11-21,24,10,-24.4,136,25
2011-11-22,24,10,-21.7,136,25
2011-11-23,24,10,-13.4,136,25
2011-11-24,28,10,-17.2,136,24
2011-11-25,29,10,-22.7,135,23
2011-11-26,30,10,-27.6,135,24
2011-11-27,30,10,-37.3,135,23
2011-11-28,30,10,-36.2,135,24
2011-11-29,30,10,-28.1,135,23
2011-11-30,31,10,-21.3,135,22
2011-12-01,31,10,-25.1,135,22
2011-12-02,31,10,-26.3,135,22
2011-12-03,31,10,-27.6,135,21
2011-12-04,31,10,-29.4,134,21
2011-12-05,31,10,-27.5,134,20
2011-12-06,31,10,-25.9,134,21
2011-12-07,31,10,-21.2,134,20
2011-12-08,33,10,-12.1,134,21
2011-12-09,34,10,-5.7,133,20
2011-12-10,39,10,-6.9,133,21
2011-12-11,39,10,-14.8,133,22
2011-12-12,39,10,-20.2,133,22
2011-12-13,39,10,-24.0,132,22
2011-12-14,39,10,-31.5,132,22
2011-12-15,39,10,-32.1,132,21
2011-12-16,39,10,-26.9,131,22
2011-12-17,39,10,-13.1,131,22
2011-12-18,39,10,-20.2,131,21
2011-12-19,38,10,-19.4,131,21
2011-12-20,38,10,-31.9,131,21
2011-12-21,38,10,-40.9,131,21
2011-12-22,38,10,-40.2,131,22
2011-12-23,38,10,-31.4,130,21
2011-12-24,38,10,-34.2,130,21
2011-12-25,39,10,-34.2,130,21
2011-12-26,39,10,-38.8,130,22
2011-12-27,39,10,-34.7,130,22
2011-12-28,39,10,-24.0,130,22
2011-12-29,40,10,-23.4,130,21
2011-12-30,41,10,-15.5,130,21
2011-12-31,41,10,-12.2,130,20
2012-01-01,43,10,-11.8,130,20
2012-01-02,43,10,-11.2,130,20
2012-01-03,45,10,-15.6,130,19
2012-01-04,45,10,-33.1,130,21
2012-01-05,45,10,-37.4,130,21
2012-01-06,45,10,-35.7,130,21
2012-01-07,45,10,-28.0,130,21
2012-01-08,45,10,-26.1,130,23
2012-01-09,45,10,-37.1,130,22
2012-01-10,46,10,-29.0,130,22
2012-01-11,47,10,-18.8,130,22
2012-01-12,47,10,-27.2,130,21
2012-01-13,47,10,-32.6,130,22
2012-01-14,47,10,-29.0,129,21
2012-01-15,47,10,-34.4,129,20
2012-01-16,47,10,-41.8,129,21
2012-01-17,47,10,-44.1,129,20
2012-01-18,47,10,-40.0,129,21
2012-01-19,47,10,-38.0,129,20
2012-01-20,47,10,-39.0,129,19
2012-01-21,47,10,-29.2,129,21
2012-01-22,48,10,-28.0,129,20
2012-01-23,49,10,-26.1,129,21
2012-01-24,49,10,-33.5,129,21
2012-01-25,49,10,-40.4,129,20
2012-01-26,49,10,-41.9,129,20
2012-01-27,51,10,-38.6,129,21
2012-01-28,51,10,-42.2,129,20
2012-01-29,52,10,-34.4,129,20
2012-01-30,51,10,-33.2,129,20
2012-01-31,51,10,-31.9,129,20
2012-02-01,51,10,-23.7,129,20
2012-02-02,52,10,-17.7,129,20
2012-02-03,52,10,-17.2,129,21
2012-02-04,53,10,-20.7,129,20
2012-02-05,53,10,-28.4,129,19
2012-02-06,53,10,-27.1,129,20
2012-02-07,53,10,-13.0,129,18
2012-02-08,53,10,-14.4,129,18
2012-02-09,53,10,-28.7,129,19
2012-02-10,53,10,-32.5,129,18
2012-02-11,53,10,-29.9,129,18
2012-02-12,53,10,-32.6,129,18
2012-02-13,51,10,-20.7,128,18
2012-02-14,51,10,-25.6,128,17
2012-02-15,51,10,-26.6,128,18
2012-02-16,51,10,-23.6,128,17
2012-02-17,51,10,-18.6,128,18
2012-02-18,51,10,-27.3,128,18
2012-02-19,51,10,-23.6,128,17
2012-02-20,51,10,-21.4,128,18
2012-02-21,51,10,-24.2,128,19
2012-02-22,51,10,-24.7,128,19
2012-02-23,51,10,-15.1,128,18
2012-02-24,52,10,-18.6,128,20
2012-02-25,52,10,-19.9,128,20
2012-02-26,54,10,-10.8,128,20
2012-02-27,54,10,-16.8,128,20
2012-02-28,54,10,-27.6,128,20
2012-02-29,54,10,-30.2,128,20
2012-03-01,54,10,-24.4,128,20
2012-03-02,54,10,-23.6,128,21
2012-03-03,54,10,-25.4,128,20
2012-03-04,54,10,-24.8,128,21
2012-03-05,54,10,-22.9,128,20
2012-03-06,54,10,-27.6,128,22
2012-03-07,54,10,-25.0,128,22
2012-03-08,53,10,-19.1,128,21
2012-03-09,53,10,-20.8,128,21
2012-03-10,53,10,-16.1,128,21
2012-03-11,52,10,-15.7,128,21
2012-03-12,52,10,-9.9,128,22
2012-03-13,54,10,-14.0,128,21
2012-03-14,54,10,-16.2,128,21
2012-03-15,54,10,-18.1,128,22
2012-03-16,54,10,-22.3,128,22
2012-03-17,54,10,-19.2,128,22
2012-03-18,54,10,-15.3,128,23
2012-03-19,54,10,-9.2,128,22
2012-03-20,52,10,-5.9,128,22
2012-03-21,51,10,-10.9,128,22
2012-03-22,51,10,-9.8,128,23
2012-03-23,51,10,-15.6,128,23
2012-03-24,52,10,-5.9,128,23
2012-03-25,53,10,-1.8,128,22
2012-03-26,53,10,-8.5,128,23
2012-03-27,56,10,-3.3,128,24
2012-03-28,55,10,-4.2,128,23
2012-03-29,55,10,-12.6,128,22
2012-03-30,55,10,-14.1,128,23
2012-03-31,55,10,-5.6,128,25
2012-04-01,55,10,-7.8,128,25
2012-04-02,53,10,0.8,128,26
2012-04-03,53,10,-3.4,128,28
2012-04-04,52,10,-0.3,128,29
2012-04-05,50,10,3.1,128,30
2012-04-06,41,10,3.5,128,31
2012-04-07,34,10,-1.3,128,31
2012-04-08,34,10,-5.2,128,32
2012-04-09,34,10,-2.4,128,31
2012-04-10,34,10,-0.1,128,32
2012-04-11,34,10,4.1,128,33
2012-04-12,33,10,0.7,128,32
2012-04-13,36,10,-5.6,128,34
2012-04-14,34,10,-5.4,128,34
2012-04-15,29,10,2.3,128,35
2012-04-16,29,10,1.2,128,36
2012-04-17,28,10,-3.6,128,38
2012-04-18,31,10,-3.1,128,41
2012-04-19,31,10,-7.4,128,43
2012-04-20,31,10,-3.8,128,44
2012-04-21,31,10,-3.9,128,44
2012-04-22,30,10,-1.1,128,46
2012-04-23,28,10,-1.0,128,49
2012-04-24,27,10,-1.0,128,51
2012-04-25,26,10,-0.2,128,51
2012-04-26,29,10,-2.1,128,52
2012-04-27,32,10,-3.4,128,54
2012-04-28,35,10,-2.6,128,54
2012-04-29,34,10,-2.3,128,54
2012-04-30,33,10,-0.8,128,55
2012-05-01,30,10,1.5,128,56
2012-05-02,29,10,4.9,128,58
2012-05-03,22,10,5.0,128,59
2012-05-04,21,10,8.9,128,61
2012-05-05,9,10,9.4,130,66
2012-05-06,7,9,8.5,162,77
2012-05-07,5,7,6.7,269,112
2012-05-08,0,5,4.1,415,152
2012-05-09,0,4,4.8,486,257
2012-05-10,0,3,4.6,585,495
2012-05-11,0,1,5.2,553,435
2012-05-12,0,1,6.0,571,473
2012-05-13,0,1,7.0,589,547
2012-05-14,0,0,14.0,607,567
2012-05-15,0,0,14.6,620,593
2012-05-16,0,0,4.2,633,604
2012-05-17,0,0,0.4,639,599
2012-05-18,0,0,1.8,612,588
2012-05-19,0,0,2.9,582,560
2012-05-20,0,0,5.8,546,536
2012-05-21,0,0,5.5,528,507
2012-05-22,0,0,7.1,509,437
2012-05-23,0,0,11.6,489,379
2012-05-24,0,0,11.1,470,335
2012-05-25,0,0,11.5,457,319
2012-05-26,0,0,3.3,446,303
2012-05-27,0,0,6.6,432,277
2012-05-28,0,0,9.8,409,268
2012-05-29,0,0,12.6,380,261
2012-05-30,0,0,12.5,362,246
2012-05-31,0,0,12.8,358,231
2012-06-01,0,0,11.7,355,209
2012-06-02,0,0,14.8,350,194
2012-06-03,0,0,17.4,341,188
2012-06-04,0,0,17.9,330,182
2012-06-05,0,0,18.0,310,182
2012-06-06,0,0,8.3,289,177
2012-06-07,0,0,10.4,271,169
2012-06-08,0,0,11.6,253,153
2012-06-09,0,0,15.4,239,143
2012-06-10,0,0,18.0,214,135
2012-06-11,0,0,15.2,202,129
2012-06-12,0,0,16.3,193,122
2012-06-13,0,0,17.4,191,114
2012-06-14,0,0,16.7,178,108
2012-06-15,0,0,15.7,172,102
2012-06-16,0,0,16.0,164,97
2012-06-17,0,0,17.2,159,93
2012-06-18,0,0,17.2,156,92
2012-06-19,0,0,17.2,155,89
2012-06-20,0,0,12.7,154,86
2012-06-21,0,0,11.3,153,83
2012-06-22,0,0,12.1,152,82
2012-06-23,0,0,15.3,150,82
2012-06-24,0,0,15.0,149,79
2012-06-25,0,0,15.2,147,77
2012-06-26,0,0,17.2,146,77
2012-06-27,0,0,18.3,145,76
2012-06-28,0,0,12.1,143,74
2012-06-29,0,0,13.9,141,74
2012-06-30,0,0,14.2,139,72
2012-07-01,0,0,15.8,147,71
2012-07-02,0,0,18.4,147,68
2012-07-03,0,0,19.1,145,68
2012-07-04,0,0,20.9,142,66
2012-07-05,0,0,22.7,138,62
2012-07-06,0,0,23.9,135,60
2012-07-07,0,0,23.7,132,58
2012-07-08,0,0,22.9,130,56
2012-07-09,0,0,20.6,127,55
2012-07-10,0,0,15.4,124,54
2012-07-11,0,0,15.9,121,52
2012-07-12,0,0,16.6,118,51
2012-07-13,0,0,18.8,118,48
2012-07-14,0,0,16.7,118,46
2012-07-15,0,0,16.4,117,45
2012-07-16,0,0,15.9,117,45
2012-07-17,0,0,14.4,116,47
2012-07-18,0,0,15.4,116,48
2012-07-19,0,0,15.7,118,47
2012-07-20,0,0,16.7,120,45
2012-07-21,0,0,19.8,122,44
2012-07-22,0,0,21.1,122,42
2012-07-23,0,0,18.3,122,42
2012-07-24,0,0,18.5,122,41
2012-07-25,0,0,18.7,122,39
2012-07-26,0,0,20.5,122,38
2012-07-27,0,0,20.9,120,37
2012-07-28,0,0,21.3,119,36
2012-07-29,0,0,22.6,118,35
2012-07-30,0,0,22.9,116,35
2012-07-31,0,0,21.6,116,35
2012-08-01,0,0,21.2,116,34
2012-08-02,0,0,20.0,116,34
2012-08-03,0,0,18.7,119,35
2012-08-04,0,0,16.4,122,34
2012-08-05,0,0,13.3,123,33
2012-08-06,0,0,15.7,125,33
2012-08-07,0,0,15.9,127,33
2012-08-08,0,0,16.2,134,34
2012-08-09,0,0,16.5,137,35
2012-08-10,0,0,16.2,138,37
2012-08-11,0,0,16.5,143,38
2012-08-12,0,0,16.2,146,40
2012-08-13,0,0,11.5,146,43
2012-08-14,0,0,12.7,145,46
2012-08-15,0,0,14.1,143,47
2012-08-16,0,0,10.9,141,49
2012-08-17,0,0,9.1,140,51
2012-08-18,0,0,9.3,140,52
2012-08-19,0,0,10.0,141,50
2012-08-20,0,0,11.0,146,48
2012-08-21,0,0,8.1,152,47
2012-08-22,0,0,11.4,154,48
2012-08-23,0,0,9.5,152,50
2012-08-24,0,0,6.9,148,51
2012-08-25,0,0,7.9,146,51
2012-08-26,0,0,6.4,147,52
2012-08-27,0,0,8.6,149,51
2012-08-28,0,0,9.2,149,50
2012-08-29,0,0,11.0,148,51
2012-08-30,0,0,7.0,146,51
2012-08-31,0,0,7.1,144,51
2012-09-01,0,0,9.3,142,50
2012-09-02,0,0,14.5,139,51
2012-09-03,0,0,14.7,137,52
2012-09-04,0,0,14.4,135,50
2012-09-05,0,0,15.4,133,48
2012-09-06,0,0,12.2,131,46
2012-09-07,0,0,8.1,129,44
2012-09-08,0,0,9.8,128,43
2012-09-09,0,0,6.8,127,39
2012-09-10,0,0,12.1,126,38
2012-09-11,0,0,15.5,126,37
2012-09-12,0,0,13.0,125,36
2012-09-13,0,0,12.3,124,34
2012-09-14,0,0,11.5,123,33
2012-09-15,0,0,11.5,122,33
2012-09-16,0,0,13.3,121,33
2012-09-17,0,0,9.8,120,34
2012-09-18,0,0,5.0,120,34
2012-09-19,0,0,5.2,119,35
2012-09-20,0,0,2.6,119,34
2012-09-21,0,0,5.0,119,33
2012-09-22,0,0,6.9,119,32
2012-09-23,0,0,6.5,119,32
2012-09-24,0,0,5.3,120,32
2012-09-25,0,0,5.4,120,36
2012-09-26,0,0,3.6,121,37
2012-09-27,0,0,4.3,125,37
2012-09-28,0,0,4.8,131,36
2012-09-29,0,0,4.8,141,35
2012-09-30,0,0,5.5,149,35
2012-10-01,0,0,4.0,153,36
2012-10-02,0,0,1.1,155,35
2012-10-03,0,0,4.1,155,36
2012-10-04,0,0,0.5,155,36
2012-10-05,0,0,-1.8,155,36
2012-10-06,0,0,-2.6,154,40
2012-10-07,4,10,-2.2,153,57
2012-10-08,3,10,1.4,152,56
2012-10-09,0,6,0.8,151,56
2012-10-10,1,10,1.5,149,57
2012-10-11,0,0,0.0,147,55
2012-10-12,0,6,-0.1,145,53
2012-10-13,0,0,-3.2,143,53
2012-10-14,0,0,-6.5,141,52
2012-10-15,1,10,-4.1,140,51
2012-10-16,3,10,-3.1,138,51
2012-10-17,5,10,-5.8,136,50
2012-10-18,7,10,-8.6,134,49
2012-10-19,6,10,-14.6,132,48
2012-10-20,6,10,-15.3,130,49
2012-10-21,6,10,-16.1,131,50
2012-10-22,14,10,-8.1,131,50
2012-10-23,20,10,-6.2,133,51
2012-10-24,32,10,-11.2,133,52
2012-10-25,30,10,-19.1,133,52
2012-10-26,32,10,-15.6,134,51
2012-10-27,30,10,-21.4,134,49
2012-10-28,29,10,-25.3,134,47
2012-10-29,27,10,-9.6,134,47
2012-10-30,27,10,-4.5,134,46
2012-10-31,29,10,-1.9,134,46
2012-11-01,28,10,-8.1,134,47
2012-11-02,29,10,-16.7,134,49
2012-11-03,30,10,-17.9,134,50
2012-11-04,32,10,-8.2,134,51
2012-11-05,36,10,-12.2,134,51
2012-11-06,36,10,-15.6,134,52
2012-11-07,36,10,-18.5,133,54
2012-11-08,36,10,-17.0,133,55
2012-11-09,36,10,-20.2,133,56
2012-11-10,36,10,-30.0,133,56
2012-11-11,35,10,-29.0,133,55
2012-11-12,34,10,-29.7,133,55
2012-11-13,34,10,-27.2,133,54
2012-11-14,34,10,-21.1,133,53
2012-11-15,36,10,-18.6,133,52
2012-11-16,36,10,-16.7,133,52
2012-11-17,37,10,-15.2,133,51
2012-11-18,38,10,-11.9,133,51
2012-11-19,38,10,-28.7,133,50
2012-11-20,38,10,-35.3,133,50
2012-11-21,38,10,-29.8,133,49
2012-11-22,41,10,-12.5,133,50
2012-11-23,41,10,-17.9,133,49
2012-11-24,43,10,-20.5,133,48
2012-11-25,43,10,-25.4,133,48
2012-11-26,43,10,-30.0,133,47
2012-11-27,43,10,-27.5,133,46
2012-11-28,43,10,-35.3,133,47
2012-11-29,42,10,-28.2,133,47
2012-11-30,42,10,-30.4,133,47
2012-12-01,42,10,-38.3,133,46
2012-12-02,42,10,-37.3,133,45
2012-12-03,42,10,-38.3,133,44
2012-12-04,42,10,-42.7,133,43
2012-12-05,42,10,-47.2,133,42
2012-12-06,42,10,-48.3,133,43
2012-12-07,42,10,-46.8,133,42
2012-12-08,42,10,-42.1,133,42
2012-12-09,42,10,-35.2,133,41
2012-12-10,42,10,-35.5,133,41
2012-12-11,42,10,-35.6,133,41
2012-12-12,42,10,-40.5,133,41
2012-12-13,42,10,-42.4,133,40
2012-12-14,42,10,-42.4,133,40
2012-12-15,42,10,-33.1,133,39
2012-12-16,42,10,-35.0,133,39
2012-12-17,42,10,-27.7,133,38
2012-12-18,42,10,-25.1,133,37
2012-12-19,42,10,-23.8,133,37
2012-12-20,43,10,-28.9,133,37
2012-12-21,43,10,-38.6,133,37
2012-12-22,43,10,-27.7,133,37
2012-12-23,42,10,-39.3,133,36
2012-12-24,42,10,-35.6,133,37
2012-12-25,42,10,-39.0,133,36
2012-12-26,43,10,-37.0,133,36
2012-12-27,43,10,-44.3,133,37
2012-12-28,43,10,-45.7,133,36
2012-12-29,43,10,-40.8,133,35
2012-12-30,43,10,-45.1,133,35
2012-12-31,43,10,-43.9,133,35
2014-01-01,49,10,-35.2,108,33
2014-01-02,49,10,-37.0,108,34
2014-01-03,49,10,-32.1,108,34
2014-01-04,49,10,-25.6,108,34
2014-01-05,49,10,-39.2,108,33
2014-01-06,49,10,-33.1,108,32
2014-01-07,49,10,-27.6,108,31
2014-01-08,50,10,-32.4,108,31
2014-01-09,50,10,-46.8,108,32
2014-01-10,50,10,-49.1,108,32
2014-01-11,51,10,-35.7,108,32
2014-01-12,52,10,-28.0,108,32
2014-01-13,54,10,-21.0,108,32
2014-01-14,54,10,-36.2,108,33
2014-01-15,54,10,-22.9,108,32
2014-01-16,55,10,-23.8,108,32
2014-01-17,55,10,-28.2,108,31
2014-01-18,55,10,-21.8,108,32
2014-01-19,56,10,-25.6,108,31
2014-01-20,57,10,-22.4,108,31
2014-01-21,58,10,-13.7,108,31
2014-01-22,61,10,-10.7,108,31
2014-01-23,61,10,-20.8,108,30
2014-01-24,61,10,-33.7,108,31
2014-01-25,61,10,-36.8,108,30
2014-01-26,61,10,-33.5,108,30
2014-01-27,61,10,-40.8,108,31
2014-01-28,61,10,-43.6,108,30
2014-01-29,61,10,-46.9,108,30
2014-01-30,61,10,-47.6,108,29
2014-01-31,61,10,-47.0,108,29
2014-02-01,60,10,-44.9,108,28
2014-02-02,59,10,-31.9,108,27
2014-02-03,60,10,-24.1,108,28
2014-02-04,60,10,-22.1,108,27
2014-02-05,60,10,-25.4,108,27
2014-02-06,60,10,-31.4,108,28
2014-02-07,60,10,-31.7,108,27
2014-02-08,60,10,-32.6,108,27
2014-02-09,60,10,-34.6,108,27
2014-02-10,60,10,-35.4,108,27
2014-02-11,60,10,-35.7,108,28
2014-02-12,60,10,-35.7,108,27
2014-02-13,60,10,-40.1,108,28
2014-02-14,60,10,-41.6,108,29
2014-02-15,60,10,-43.1,108,30
2014-02-16,60,10,-35.3,108,29
2014-02-17,60,10,-31.1,108,28
2014-02-18,61,10,-23.3,108,27
2014-02-19,62,10,-19.9,108,27
2014-02-20,62,10,-35.2,108,27
2014-02-21,63,10,-21.8,108,27
2014-02-22,63,10,-10.1,108,28
2014-02-23,64,10,-9.7,108,26
2014-02-24,64,10,-9.3,108,27
2014-02-25,64,10,-26.5,108,27
2014-02-26,64,10,-31.4,108,27
2014-02-27,64,10,-33.3,108,27
2014-02-28,64,10,-33.7,108,27
2014-03-01,64,10,-33.4,108,27
2014-03-02,64,10,-32.7,108,27
2014-03-03,64,10,-28.6,108,26
2014-03-04,64,10,-24.3,108,26
2014-03-05,64,10,-26.3,108,27
2014-03-06,64,10,-25.9,108,27
2014-03-07,64,10,-27.4,108,26
2014-03-08,64,10,-19.1,108,26
2014-03-09,64,10,-9.0,108,26
2014-03-10,66,10,-13.3,108,26
2014-03-11,66,10,-11.1,108,27
2014-03-12,66,10,-5.5,108,27
2014-03-13,65,10,-4.7,108,27
2014-03-14,65,10,-8.2,108,28
2014-03-15,65,10,-3.2,108,28
2014-03-16,65,10,-1.2,108,29
2014-03-17,65,10,-0.2,108,27
2014-03-18,65,10,-1.1,108,27
2014-03-19,65,10,-3.2,108,27
2014-03-20,61,10,3.4,108,28
2014-03-21,60,10,3.2,108,28
2014-03-22,59,10,1.0,108,29
2014-03-23,58,10,-0.6,108,29
2014-03-24,57,10,-2.7,108,29
2014-03-25,60,10,-5.2,108,31
2014-03-26,60,10,-2.2,108,30
2014-03-27,60,10,-8.8,108,29
2014-03-28,60,10,-3.4,108,30
2014-03-29,64,10,-4.0,108,29
2014-03-30,63,10,-10.8,108,30
2014-03-31,63,10,-9.9,108,31
2014-04-01,62,10,-7.1,108,32
2014-04-02,61,10,4.4,108,31
2014-04-03,57,10,1.9,108,31
2014-04-04,57,10,5.5,108,32
2014-04-05,52,10,5.5,108,32
2014-04-06,50,10,5.8,108,32
2014-04-07,40,10,-0.5,108,34
2014-04-08,33,10,1.7,108,34
2014-04-09,31,10,3.6,108,35
2014-04-10,29,10,6.8,108,39
2014-04-11,24,10,9.5,108,49
2014-04-12,21,10,0.9,108,61
2014-04-13,19,10,-6.4,108,71
2014-04-14,18,9,-5.6,108,79
2014-04-15,18,9,-1.0,108,89
2014-04-16,18,9,1.3,108,102
2014-04-17,17,8,4.7,108,115
2014-04-18,15,7,5.6,156,130
2014-04-19,12,7,4.3,220,144
2014-04-20,10,7,2.7,279,180
2014-04-21,8,6,2.8,336,230
2014-04-22,5,10,3.7,372,254
2014-04-23,2,10,-0.2,374,480
2014-04-24,1,6,-1.9,382,338
2014-04-25,1,5,5.0,384,343
2014-04-26,0,4,7.0,373,375
2014-04-27,0,3,11.2,393,405
2014-04-28,0,2,6.6,455,445
2014-04-29,1,10,0.1,488,483
2014-04-30,0,2,-1.8,572,535
2014-05-01,0,2,-1.7,490,545
2014-05-02,0,2,0.4,465,500
2014-05-03,0,2,7.2,456,458
2014-05-04,0,2,13.3,452,396
2014-05-05,0,1,11.4,460,355
2014-05-06,0,1,12.0,491,393
2014-05-07,0,1,2.9,542,445
2014-05-08,0,1,5.3,587,491
2014-05-09,0,0,13.8,552,511
2014-05-10,0,0,11.9,539,506
2014-05-11,0,0,2.0,546,492
2014-05-12,0,7,2.0,552,477
2014-05-13,0,0,3.4,534,456
2014-05-14,0,0,6.1,509,414
2014-05-15,0,0,7.8,488,381
2014-05-16,0,0,10.5,466,352
2014-05-17,0,0,10.2,455,319
2014-05-18,0,0,8.6,447,291
2014-05-19,0,0,3.2,442,266
2014-05-20,0,0,1.2,436,254
2014-05-21,0,0,1.4,405,251
2014-05-22,3,10,2.2,378,252
2014-05-23,0,0,7.6,358,239
2014-05-24,0,0,6.8,340,223
2014-05-25,0,0,7.9,329,222
2014-05-26,0,0,6.1,334,242
2014-05-27,0,0,4.8,330,261
2014-05-28,0,0,5.3,330,274
2014-05-29,0,0,6.2,316,274
2014-05-30,0,0,6.3,301,264
2014-05-31,0,0,8.0,292,241
2014-06-01,0,0,7.4,287,216
2014-06-02,0,0,6.8,282,200
2014-06-03,0,0,5.9,273,192
2014-06-04,0,0,8.0,266,185
2014-06-05,0,0,9.1,263,174
2014-06-06,0,0,5.8,258,167
2014-06-07,0,0,10.7,250,159
2014-06-08,0,0,12.8,227,146
2014-06-09,0,0,14.2,207,137
2014-06-10,0,0,10.9,197,129
2014-06-11,0,0,10.5,190,121
2014-06-12,0,0,10.0,184,115
2014-06-13,0,0,10.4,181,112
2014-06-14,0,0,14.2,197,111
2014-06-15,0,0,15.7,234,114
2014-06-16,0,0,14.6,260,125
2014-06-17,0,0,20.1,259,149
2014-06-18,0,0,20.8,247,166
2014-06-19,0,0,22.8,238,162
2014-06-20,0,0,24.0,232,154
2014-06-21,0,0,21.5,217,136
2014-06-22,0,0,20.9,207,127
2014-06-23,0,0,19.5,201,119
2014-06-24,0,0,18.8,197,111
2014-06-25,0,0,21.4,187,105
2014-06-26,0,0,24.4,180,97
2014-06-27,0,0,22.8,171,90
2014-06-28,0,0,22.6,163,85
2014-06-29,0,0,19.2,156,79
2014-06-30,0,0,16.6,148,73
2014-07-01,0,0,13.4,144,68
2014-07-02,0,0,15.4,142,63
2014-07-03,0,0,15.5,141,60
2014-07-04,0,0,16.3,140,58
2014-07-05,0,0,17.2,137,54
2014-07-06,0,0,17.4,134,49
2014-07-07,0,0,18.6,130,46
2014-07-08,0,0,21.5,128,45
2014-07-09,0,0,22.9,126,46
2014-07-10,0,0,20.7,124,44
2014-07-11,0,0,19.7,121,42
2014-07-12,0,0,20.3,120,39
2014-07-13,0,0,22.0,119,35
2014-07-14,0,0,23.2,118,34
2014-07-15,0,0,23.6,117,32
2014-07-16,0,0,21.2,115,30
2014-07-17,0,0,18.5,114,29
2014-07-18,0,0,19.5,113,28
2014-07-19,0,0,16.2,112,30
2014-07-20,0,0,17.5,111,30
2014-07-21,0,0,17.2,110,28
2014-07-22,0,0,17.0,109,27
2014-07-23,0,0,17.6,108,26
2014-07-24,0,0,21.1,107,26
2014-07-25,0,0,19.3,106,25
2014-07-26,0,0,18.5,105,25
2014-07-27,0,0,18.2,104,25
2014-07-28,0,0,18.5,103,24
2014-07-29,0,0,20.0,103,25
2014-07-30,0,0,23.4,103,25
2014-07-31,0,0,16.9,103,24
2014-08-01,0,0,12.8,103,23
2014-08-02,0,0,15.7,103,23
2014-08-03,0,0,17.2,103,23
2014-08-04,0,0,16.0,103,23
2014-08-05,0,0,17.5,103,23
2014-08-06,0,0,17.6,103,22
2014-08-07,0,0,16.0,103,22
2014-08-08,0,0,13.8,103,21
2014-08-09,0,0,10.7,103,21
2014-08-10,0,0,11.6,103,20
2014-08-11,0,0,13.9,103,20
2014-08-12,0,0,10.2,103,20
2014-08-13,0,0,13.2,103,20
2014-08-14,0,0,15.5,103,20
2014-08-15,0,0,15.1,103,21
2014-08-16,0,0,13.1,103,21
2014-08-17,0,0,14.4,103,20
2014-08-18,0,0,14.1,103,20
2014-08-19,0,0,17.4,103,19
2014-08-20,0,0,15.8,103,19
2014-08-21,0,0,12.0,104,21
2014-08-22,0,0,8.7,107,24
2014-08-23,0,0,13.4,110,24
2014-08-24,0,0,12.7,112,24
2014-08-25,0,0,11.9,114,23
2014-08-26,0,0,13.0,114,23
2014-08-27,0,0,15.5,114,23
2014-08-28,0,0,13.5,114,27
2014-08-29,0,0,9.0,115,29
2014-08-30,0,0,6.8,115,29
2014-08-31,0,0,6.0,115,29
2014-09-01,0,0,12.2,116,29
2014-09-02,0,0,11.7,116,28
2014-09-03,0,0,8.8,116,28
2014-09-04,0,0,5.5,116,27
2014-09-05,0,0,3.6,113,27
2014-09-06,0,0,3.9,111,26
2014-09-07,0,0,3.5,109,26
2014-09-08,0,0,4.7,108,24
2014-09-09,0,0,3.0,107,23
2014-09-10,0,0,7.6,106,22
2014-09-11,0,0,6.8,106,21
2014-09-12,0,0,6.2,105,21
2014-09-13,0,0,4.7,106,21
2014-09-14,0,0,6.0,107,21
2014-09-15,0,0,8.1,107,23
2014-09-16,0,0,2.2,107,22
2014-09-17,0,0,4.1,107,23
2014-09-18,0,0,3.5,107,24
2014-09-19,0,0,9.8,107,24
2014-09-20,0,0,7.4,107,25
2014-09-21,0,0,2.1,107,26
2014-09-22,0,0,1.1,108,28
2014-09-23,0,10,1.7,109,29
2014-09-24,0,0,4.9,109,31
2014-09-25,0,0,0.2,110,31
2014-09-26,3,10,-1.2,111,33
2014-09-27,0,4,-1.0,113,33
2014-09-28,0,1,-2.6,117,34
2014-09-29,0,0,-3.0,122,34
2014-09-30,0,0,-1.9,122,35
2014-10-01,0,0,-1.6,118,1
2014-10-02,0,0,-0.5,118,45
2014-10-03,0,0,1.0,118,43
2014-10-04,0,0,-0.4,119,1
2014-10-05,0,0,1.3,119,1
2014-10-06,0,0,-0.6,119,39
2014-10-07,4,10,0.7,119,37
2014-10-08,0,0,0.5,116,1
2014-10-09,0,3,-0.7,115,1
2014-10-10,4,10,-2.8,114,1
2014-10-11,6,10,-3.1,113,33
2014-10-12,9,10,-1.3,112,1
2014-10-13,6,10,-0.4,111,32
2014-10-14,10,10,-4.6,110,32
2014-10-15,10,10,-11.3,121,30
2014-10-16,10,10,-9.6,118,28
2014-10-17,12,10,-8.3,122,27
2014-10-18,12,10,-13.2,121,26
2014-10-19,13,10,-12.3,119,25
2014-10-20,13,10,-17.8,119,25
2014-10-21,13,10,-10.8,128,26
2014-10-22,15,10,-3.3,134,27
2014-10-23,16,10,-13.0,134,27
2014-10-24,17,10,-18.4,134,28
2014-10-25,17,10,-16.6,134,28
2014-10-26,17,10,-10.5,134,29
2014-10-27,18,10,-5.8,134,28
2014-10-28,25,10,-11.0,134,28
2014-10-29,25,10,-11.2,134,28
2014-10-30,26,10,-6.3,134,30
2014-10-31,25,10,-5.5,136,30
2014-11-01,27,10,-8.1,136,30
2014-11-02,31,10,-4.2,136,29
2014-11-03,33,10,-3.1,135,30
2014-11-04,35,10,-12.5,134,29
2014-11-05,35,10,-20.6,132,29
2014-11-06,35,10,-4.6,132,30
2014-11-07,30,10,-0.2,132,28
2014-11-08,28,10,-5.0,132,28
2014-11-09,28,10,-21.8,132,28
2014-11-10,28,10,-14.0,132,28
2014-11-11,30,10,-17.9,132,28
2014-11-12,31,10,-9.0,132,29
2014-11-13,31,10,-14.5,132,30
2014-11-14,29,10,-4.9,132,30
2014-11-15,31,10,-12.3,132,30
2014-11-16,31,10,-10.2,132,32
2014-11-17,32,10,-12.8,132,31
2014-11-18,34,10,-18.3,132,31
2014-11-19,32,10,-23.2,132,31
2014-11-20,33,10,-21.9,132,31
2014-11-21,33,10,-20.9,132,31
2014-11-22,35,10,-8.9,131,30
2014-11-23,35,10,-20.8,131,30
2014-11-24,36,10,-22.5,131,31
2014-11-25,40,10,-28.1,131,30
2014-11-26,39,10,-38.8,131,30
2014-11-27,39,10,-33.3,131,29
2014-11-28,40,10,-26.7,131,29
2014-11-29,40,10,-33.7,131,29
2014-11-30,40,10,-32.3,131,29
2014-12-01,41,10,-30.9,131,29
2014-12-02,41,10,-27.5,131,28
2014-12-03,41,10,-26.7,131,29
2014-12-04,41,10,-28.3,131,30
2014-12-05,41,10,-29.5,131,29
2014-12-06,41,10,-31.8,131,29
2014-12-07,41,10,-28.9,131,29
2014-12-08,41,10,-29.6,131,28
2014-12-09,41,10,-33.7,131,28
2014-12-10,41,10,-30.5,131,28
2014-12-11,41,10,-40.6,131,29
2014-12-12,42,10,-28.0,131,28
2014-12-13,43,10,-25.5,131,27
2014-12-14,45,10,-28.4,131,28
2014-12-15,46,10,-22.1,131,27
2014-12-16,48,10,-11.5,131,27
2014-12-17,49,10,-16.4,131,27
2014-12-18,50,10,-18.3,131,27
2014-12-19,50,10,-21.9,131,26
2014-12-20,53,10,-10.1,131,26
2014-12-21,53,10,-7.1,131,26
2014-12-22,54,10,-22.2,131,27
2014-12-23,55,10,-12.7,131,26
2014-12-24,53,10,-8.7,131,25
2014-12-25,53,10,-5.6,131,25
2014-12-26,54,10,-8.2,131,25
2014-12-27,54,10,-5.7,131,25
2014-12-28,56,10,-5.0,131,26
2014-12-29,57,10,-14.5,131,25
2014-12-30,57,10,-26.0,131,25
2014-12-31,57,10,-32.2,131,25
2015-01-01,57,10,-32.1,131,25
2015-01-02,59,10,-21.6,131,26
2015-01-03,63,10,-14.2,131,25
2015-01-04,63,10,-29.5,131,25
2015-01-05,63,10,-29.4,131,25
2015-01-06,63,10,-19.9,131,25
2015-01-07,65,10,-21.5,131,25
2015-01-08,67,10,-20.3,131,24
2015-01-09,68,10,-24.1,131,24
2015-01-10,68,10,-12.8,131,24
2015-01-11,68,10,-13.7,131,25
2015-01-12,68,10,-25.7,131,24
2015-01-13,67,10,-39.7,131,23
2015-01-14,67,10,-39.8,131,24
2015-01-15,67,10,-33.6,131,24
2015-01-16,67,10,-29.1,131,22
2015-01-17,67,10,-24.5,131,23
2015-01-18,68,10,-18.6,131,23
2015-01-19,69,10,-24.0,131,23
2015-01-20,69,10,-15.9,131,23
2015-01-21,71,10,-11.2,131,24
2015-01-22,72,10,-18.6,131,25
2015-01-23,72,10,-30.6,131,24
2015-01-24,72,10,-32.8,131,24
2015-01-25,72,10,-27.0,131,24
2015-01-26,72,10,-20.1,131,24
2015-01-27,72,10,-19.4,131,25
2015-01-28,71,10,-20.6,131,24
2015-01-29,71,10,-17.6,131,24
2015-01-30,72,10,-12.2,131,24
2015-01-31,69,10,-11.2,131,24
2015-02-01,69,10,-28.8,131,24
2015-02-02,67,10,-32.2,131,25
2015-02-03,71,10,-10.9,131,25
2015-02-04,73,10,-8.1,131,26
2015-02-05,72,10,-24.4,131,24
2015-02-06,72,10,-39.6,131,23
2015-02-07,72,10,-31.7,131,23
2015-02-08,72,10,-26.4,131,24
2015-02-09,73,10,-15.4,131,23
2015-02-10,73,10,-16.1,131,24
2015-02-11,73,10,-7.3,131,24
2015-02-12,73,10,-6.7,131,22
2015-02-13,73,10,-10.4,131,22
2015-02-14,74,10,-12.5,131,22
2015-02-15,74,10,-7.6,131,22
2015-02-16,73,10,-16.8,131,23
2015-02-17,73,10,-19.9,131,22
2015-02-18,73,10,-17.0,131,22
2015-02-19,74,10,-12.5,131,22
2015-02-20,74,10,-20.1,131,22
2015-02-21,74,10,-26.9,131,22
2015-02-22,72,10,-24.9,131,21
2015-02-23,72,10,-24.6,131,22
2015-02-24,72,10,-22.1,131,23
2015-02-25,72,10,-22.6,131,23
2015-02-26,72,10,-18.6,131,23
2015-02-27,73,10,-8.3,131,23
2015-02-28,74,10,-11.2,131,23
2015-03-01,75,10,-22.6,131,23
2015-03-02,75,10,-23.3,131,22
2015-03-03,76,10,-8.8,131,22
2015-03-04,76,10,-6.0,131,21
2015-03-05,76,10,-15.3,131,22
2015-03-06,76,10,-21.9,131,21
2015-03-07,76,10,-22.8,131,22
2015-03-08,76,10,-13.2,131,21
2015-03-09,75,10,-8.7,131,21
2015-03-10,75,10,-17.1,131,20
2015-03-11,75,10,-5.3,131,21
2015-03-12,74,10,0.0,131,21
2015-03-13,74,10,-3.1,131,22
2015-03-14,75,10,-9.7,131,21
2015-03-15,76,10,-10.6,131,22
2015-03-16,76,10,-8.9,131,23
2015-03-17,77,10,-5.6,131,21
2015-03-18,76,10,-7.1,131,20
2015-03-19,75,10,-6.7,131,21
2015-03-20,77,10,-15.2,131,21
2015-03-21,76,10,-20.7,131,20
2015-03-22,79,10,-1.2,131,20
2015-03-23,76,10,2.7,131,21
2015-03-24,73,10,4.4,131,22
2015-03-25,68,10,-0.3,131,21
2015-03-26,73,10,-12.1,131,21
2015-03-27,73,10,-11.3,131,22
2015-03-28,74,10,-4.7,131,21
2015-03-29,75,10,-12.6,131,21
2015-03-30,75,10,-4.9,131,21
2015-03-31,73,10,-2.5,131,21
2015-04-01,73,10,-9.9,131,21
2015-04-02,73,10,-14.0,131,22
2015-04-03,73,10,-16.1,131,23
2015-04-04,73,10,-15.2,131,22
2015-04-05,73,10,-13.9,131,23
2015-04-06,73,10,-2.8,131,24
2015-04-07,71,10,-4.7,131,23
2015-04-08,71,10,-5.9,131,22
2015-04-09,71,10,-10.1,131,23
2015-04-10,71,10,-8.6,131,22
2015-04-11,71,10,-5.5,131,24
2015-04-12,70,10,3.1,131,23
2015-04-13,71,10,2.2,131,24
2015-04-14,64,10,-1.2,131,23
2015-04-15,69,10,0.9,131,24
2015-04-16,65,10,-0.2,131,23
2015-04-17,63,10,1.3,131,25
2015-04-18,65,10,1.1,131,25
2015-04-19,64,10,2.4,131,26
2015-04-20,59,10,4.8,131,27
2015-04-21,55,10,2.7,131,28
2015-04-22,51,10,4.4,131,29
2015-04-23,44,10,5.9,131,32
2015-04-24,35,10,7.6,131,36
2015-04-25,30,10,5.9,131,46
2015-04-26,23,10,5.3,142,58
2015-04-27,19,10,8.1,174,86
2015-04-28,14,10,5.4,240,162
2015-04-29,11,10,1.9,364,241
2015-04-30,11,10,1.9,405,366
2015-05-01,11,10,3.0,458,458
2015-05-02,10,10,3.2,420,491
2015-05-03,10,10,0.8,408,513
2015-05-04,9,10,-2.1,418,580
2015-05-05,9,10,1.4,431,583
2015-05-06,8,10,2.8,375,538
2015-05-07,7,8,6.9,333,456
2015-05-08,3,7,9.7,357,390
2015-05-09,2,6,10.5,445,433
2015-05-10,0,4,12.2,523,588
2015-05-11,0,3,13.1,607,684
2015-05-12,0,10,0.9,707,761
2015-05-13,0,3,3.1,742,802
2015-05-14,0,2,9.1,728,818
2015-05-15,0,2,5.0,705,821
2015-05-16,0,2,5.4,679,785
2015-05-17,0,2,7.8,661,739
2015-05-18,0,1,10.9,652,705
2015-05-19,0,0,8.5,652,686
2015-05-20,0,0,10.0,657,658
2015-05-21,0,0,9.7,662,616
2015-05-22,0,0,6.2,697,600
2015-05-23,0,0,5.8,734,609
2015-05-24,0,0,9.1,741,628
2015-05-25,0,0,8.1,732,634
2015-05-26,0,0,8.9,717,623
2015-05-27,0,0,8.5,692,603
2015-05-28,0,0,13.2,647,575
2015-05-29,0,0,13.7,606,536
2015-05-30,0,0,16.5,575,475
2015-05-31,0,0,13.9,553,423
2015-06-01,0,0,15.0,539,380
2015-06-02,0,0,10.3,516,342
2015-06-03,0,0,10.5,491,318
2015-06-04,0,0,13.8,466,297
2015-06-05,0,0,14.2,448,275
2015-06-06,0,0,14.2,417,256
2015-06-07,0,0,16.1,396,236
2015-06-08,0,0,18.0,375,217
2015-06-09,0,0,20.0,358,208
2015-06-10,0,0,23.4,342,203
2015-06-11,0,0,17.0,323,197
2015-06-12,0,0,14.8,304,192
2015-06-13,0,0,14.5,290,188
2015-06-14,0,0,14.2,273,179
2015-06-15,0,0,15.1,248,166
2015-06-16,0,0,17.8,228,150
2015-06-17,0,0,17.6,212,133
2015-06-18,0,0,17.4,200,117
2015-06-19,0,0,20.8,181,109
2015-06-20,0,0,19.7,165,105
2015-06-21,0,0,18.0,156,101
2015-06-22,0,0,13.8,153,97
2015-06-23,0,0,10.0,150,95
2015-06-24,0,0,10.2,148,93
2015-06-25,0,0,12.8,146,91
2015-06-26,0,0,11.5,145,89
2015-06-27,0,0,11.9,147,89
2015-06-28,0,0,12.8,150,92
2015-06-29,0,0,15.7,149,93
2015-06-30,0,0,20.2,150,94
2015-07-01,0,0,19.2,150,94
2015-07-02,0,0,18.2,152,92
2015-07-03,0,0,21.2,152,92
2015-07-04,0,0,24.1,151,92
2015-07-05,0,0,23.5,149,92
2015-07-06,0,0,21.3,146,94
2015-07-07,0,0,16.7,146,92
2015-07-08,0,0,15.2,144,91
2015-07-09,0,0,14.1,142,89
2015-07-10,0,0,15.8,140,86
2015-07-11,0,0,17.9,139,83
2015-07-12,0,0,15.6,137,81
2015-07-13,0,0,16.2,135,80
2015-07-14,0,0,18.5,133,78
2015-07-15,0,0,20.5,132,76
2015-07-16,0,0,17.8,131,74
2015-07-17,0,0,19.4,130,73
2015-07-18,0,0,18.8,131,72
2015-07-19,0,0,21.6,134,71
2015-07-20,0,0,23.1,134,69
2015-07-21,0,0,20.7,133,69
2015-07-22,0,0,18.1,132,69
2015-07-23,0,0,16.9,131,68
2015-07-24,0,0,19.7,130,65
2015-07-25,0,0,17.7,130,63
2015-07-26,0,0,17.6,129,61
2015-07-27,0,0,22.5,129,60
2015-07-28,0,0,21.6,129,58
2015-07-29,0,0,22.5,127,56
2015-07-30,0,0,16.0,125,55
2015-07-31,0,0,16.4,123,55
2015-08-01,0,0,15.9,124,55
2015-08-02,0,0,16.5,124,54
2015-08-03,0,0,16.4,123,54
2015-08-04,0,0,19.0,123,55
2015-08-05,0,0,15.8,123,53
2015-08-06,0,0,18.7,123,53
2015-08-07,0,0,18.1,123,53
2015-08-08,0,0,15.0,123,53
2015-08-09,0,0,17.9,123,53
2015-08-10,0,0,16.0,122,53
2015-08-11,0,0,13.7,122,52
2015-08-12,0,0,14.0,122,51
2015-08-13,0,0,11.6,121,51
2015-08-14,0,0,13.6,121,50
2015-08-15,0,0,13.8,122,50
2015-08-16,0,0,13.2,122,49
2015-08-17,0,0,12.4,122,49
2015-08-18,0,0,15.6,125,49
2015-08-19,0,0,11.4,127,50
2015-08-20,0,0,13.0,127,52
2015-08-21,0,0,19.9,126,55
2015-08-22,0,0,22.0,126,57
2015-08-23,0,0,16.1,125,59
2015-08-24,0,0,12.2,124,60
2015-08-25,0,0,12.9,123,58
2015-08-26,0,0,13.1,121,58
2015-08-27,0,0,14.7,119,57
2015-08-28,0,0,15.0,119,56
2015-08-29,0,0,10.2,118,56
2015-08-30,0,0,13.8,117,55
2015-08-31,0,0,11.9,116,54
2015-09-01,0,0,17.5,116,54
2015-09-02,0,0,16.9,116,54
2015-09-03,0,0,16.6,115,53
2015-09-04,0,0,14.9,115,52
2015-09-05,0,0,16.0,115,52
2015-09-06,0,0,10.0,115,51
2015-09-07,0,0,6.8,115,51
2015-09-08,0,0,6.1,115,50
2015-09-09,0,0,6.8,115,49
2015-09-10,0,0,6.6,115,49
2015-09-11,0,0,12.7,115,47
2015-09-12,0,0,9.8,115,47
2015-09-13,0,0,2.9,116,48
2015-09-14,0,0,3.6,115,47
2015-09-15,0,0,5.2,115,47
2015-09-16,0,0,1.7,117,48
2015-09-17,0,0,3.4,118,49
2015-09-18,0,0,1.5,119,50
2015-09-19,0,0,1.3,119,51
2015-09-20,0,0,-0.3,119,52
2015-09-21,0,0,-0.3,119,53
2015-09-22,0,0,2.6,119,54
2015-09-23,0,0,1.9,119,54
2015-09-24,10,10,1.0,119,54
2015-09-25,6,8,1.7,119,55
2015-09-26,0,0,2.8,119,55
2015-09-27,0,0,1.4,119,54
2015-09-28,0,0,-1.2,119,53
2015-09-29,0,0,1.9,119,52
2015-09-30,0,0,-0.7,119,52
2015-10-01,0,0,-6.8,119,2
2015-10-02,0,0,-6.0,119,2
2015-10-03,2,10,-1.2,118,50
2015-10-04,0,4,1.4,117,49
2015-10-05,0,0,4.7,117,50
2015-10-06,0,0,4.2,118,50
2015-10-07,0,0,0.6,118,51
2015-10-08,0,0,2.6,119,50
2015-10-09,0,0,4.4,119,49
2015-10-10,0,0,3.7,119,49
2015-10-11,0,0,5.7,119,50
2015-10-12,0,0,5.1,120,51
2015-10-13,0,0,4.4,120,51
2015-10-14,0,0,2.8,121,51
2015-10-15,0,0,1.3,121,52
2015-10-16,2,10,-5.1,121,53
2015-10-17,3,10,-9.0,126,52
2015-10-18,3,10,-13.9,142,51
2015-10-19,3,10,-16.2,134,51
2015-10-20,10,10,-8.4,126,52
2015-10-21,10,10,-9.9,127,51
2015-10-22,14,10,-11.5,128,50
2015-10-23,14,10,-19.4,127,49
2015-10-24,14,10,-10.1,128,51
2015-10-25,17,10,-5.0,127,52
2015-10-26,16,10,-6.9,127,52
2015-10-27,16,10,-6.1,128,52
2015-10-28,16,10,-3.6,128,52
2015-10-29,16,10,-5.1,130,53
2015-10-30,15,10,-2.2,132,55
2015-10-31,17,10,0.7,131,56
2015-11-01,26,10,-0.9,131,57
2015-11-02,28,10,-8.1,131,56
2015-11-03,28,10,-15.6,131,57
2015-11-04,25,10,-15.1,131,58
2015-11-05,25,10,-16.5,131,58
2015-11-06,25,10,-21.6,131,59
2015-11-07,25,10,-22.4,130,58
2015-11-08,25,10,-19.6,130,59
2015-11-09,24,10,-14.7,129,59
2015-11-10,25,10,-10.5,129,59
2015-11-11,26,10,-9.2,128,59
2015-11-12,27,10,-12.6,128,58
2015-11-13,27,10,-21.4,128,59
2015-11-14,27,10,-23.6,127,58
2015-11-15,27,10,-27.5,127,59
2015-11-16,28,10,-21.5,126,60
2015-11-17,27,10,-28.2,126,61
2015-11-18,27,10,-26.8,126,60
2015-11-19,27,10,-22.5,126,60
2015-11-20,27,10,-22.3,126,60
2015-11-21,27,10,-31.0,125,59
2015-11-22,27,10,-34.8,125,60
2015-11-23,27,10,-35.5,125,58
2015-11-24,27,10,-35.2,125,58
2015-11-25,27,10,-26.4,125,58
2015-11-26,29,10,-21.5,125,57
2015-11-27,29,10,-20.7,125,56
2015-11-28,32,10,-23.1,125,57
2015-11-29,33,10,-17.5,125,57
2015-11-30,34,10,-11.4,125,57
2015-12-01,38,10,-11.4,125,57
2015-12-02,39,10,-17.2,125,57
2015-12-03,39,10,-6.4,125,56
2015-12-04,39,10,-26.4,125,56
2015-12-05,40,10,-12.4,125,54
2015-12-06,40,10,-5.9,125,55
2015-12-07,40,10,-4.8,125,55
2015-12-08,43,10,-10.7,125,54
2015-12-09,43,10,-12.1,125,55
2015-12-10,43,10,-5.1,125,55
2015-12-11,44,10,-4.3,125,55
2015-12-12,44,10,-9.3,125,54
2015-12-13,45,10,-8.2,125,55
2015-12-14,46,10,-14.3,125,54
2015-12-15,46,10,-17.0,125,54
2015-12-16,47,10,-9.9,125,54
2015-12-17,47,10,-24.0,125,54
2015-12-18,48,10,-21.9,125,54
2015-12-19,49,10,-15.6,125,53
2015-12-20,49,10,-14.9,125,53
2015-12-21,49,10,-16.9,125,53
2015-12-22,48,10,-25.8,125,53
2015-12-23,48,10,-40.0,125,53
2015-12-24,48,10,-42.6,125,52
2015-12-25,48,10,-42.9,125,53
2015-12-26,48,10,-35.2,125,52
2015-12-27,49,10,-24.9,125,52
2015-12-28,51,10,-10.8,125,52
2015-12-29,54,10,-7.2,125,52
2015-12-30,55,10,-8.0,125,52
2015-12-31,57,10,-10.4,125,52
2016-01-01,59,10,-24.7,125,51
2016-01-02,59,10,-35.1,125,52
2016-01-03,59,10,-19.9,125,51
2016-01-04,59,10,-15.3,125,51
2016-01-05,59,10,-14.3,125,51
2016-01-06,59,10,-27.5,125,50
2016-01-07,58,10,-31.9,125,50
2016-01-08,58,10,-34.2,125,51
2016-01-09,58,10,-33.7,125,50
2016-01-10,58,10,-31.0,125,50
2016-01-11,58,10,-27.0,125,51
2016-01-12,57,10,-19.0,125,50
2016-01-13,57,10,-23.6,125,50
2016-01-14,57,10,-34.0,125,50
2016-01-15,57,10,-38.4,125,50
2016-01-16,57,10,-40.3,125,50
2016-01-17,56,10,-36.3,125,50
2016-01-18,56,10,-35.9,125,50
2016-01-19,56,10,-36.4,125,49
2016-01-20,56,10,-41.1,125,49
2016-01-21,56,10,-38.0,125,49
2016-01-22,58,10,-22.3,125,50
2016-01-23,58,10,-26.1,125,49
2016-01-24,58,10,-18.4,125,49
2016-01-25,58,10,-27.2,125,49
2016-01-26,58,10,-14.4,125,48
2016-01-27,57,10,-31.7,125,48
2016-01-28,57,10,-33.2,125,49
2016-01-29,57,10,-19.3,125,48
2016-01-30,57,10,-15.8,125,48
2016-01-31,57,10,-24.1,125,48
2016-02-01,57,10,-29.9,125,51
2016-02-02,57,10,-27.5,125,52
2016-02-03,57,10,-14.7,125,51
2016-02-04,59,10,-9.2,125,51
2016-02-05,59,10,-10.4,125,51
2016-02-06,59,10,-19.4,125,50
2016-02-07,60,10,-12.1,125,50
2016-02-08,60,10,-23.4,125,51
2016-02-09,60,10,-21.7,125,50
2016-02-10,64,10,-20.9,125,50
2016-02-11,64,10,-32.4,125,51
2016-02-12,64,10,-33.2,125,50
2016-02-13,64,10,-19.6,125,50
2016-02-14,64,10,-11.1,125,50
2016-02-15,63,10,-12.1,126,50
2016-02-16,63,10,-12.4,126,50
2016-02-17,63,10,-19.7,126,50
2016-02-18,63,10,-27.3,126,50
2016-02-19,63,10,-27.1,126,49
2016-02-20,63,10,-25.9,126,49
2016-02-21,63,10,-30.2,126,49
2016-02-22,63,10,-29.8,126,50
2016-02-23,63,10,-29.3,126,49
2016-02-24,62,10,-29.4,126,49
2016-02-25,62,10,-28.2,125,49
2016-02-26,62,10,-25.2,125,48
2016-02-27,62,10,-23.6,125,48
2016-02-28,62,10,-19.1,125,49
2016-02-29,64,10,-4.7,125,48
2016-03-01,65,10,-6.2,125,46
2016-03-02,66,10,-15.0,125,46
2016-03-03,66,10,-11.5,125,46
2016-03-04,65,10,-10.7,125,46
2016-03-05,65,10,-21.6,125,45
2016-03-06,65,10,-25.7,125,46
2016-03-07,65,10,-24.4,125,45
2016-03-08,65,10,-15.1,125,45
2016-03-09,65,10,-10.2,125,45
2016-03-10,64,10,-11.2,125,45
2016-03-11,64,10,-14.3,125,45
2016-03-12,64,10,-19.6,125,44
2016-03-13,64,10,-13.3,125,45
2016-03-14,67,10,-14.2,125,44
2016-03-15,73,10,-11.5,125,44
2016-03-16,72,10,-13.8,126,44
2016-03-17,72,10,-10.1,126,44
2016-03-18,72,10,-4.8,126,45
2016-03-19,72,10,0.2,126,44
2016-03-20,70,10,-6.0,126,44
2016-03-21,69,10,-6.2,126,44
2016-03-22,68,10,-2.5,127,44
2016-03-23,67,10,3.8,127,44
2016-03-24,67,10,0.0,127,43
2016-03-25,66,10,-5.8,127,43
2016-03-26,65,10,-2.9,127,44
2016-03-27,66,10,-2.7,127,44
2016-03-28,66,10,-10.7,127,43
2016-03-29,66,10,-8.3,126,43
2016-03-30,67,10,-6.3,126,43
2016-03-31,67,10,-11.3,126,43
2016-04-01,67,10,-8.4,126,43
2016-04-02,67,10,-1.1,126,44
2016-04-03,66,10,1.7,126,43
2016-04-04,65,10,-0.4,126,43
2016-04-05,63,10,0.5,126,43
2016-04-06,63,10,-9.1,126,44
2016-04-07,63,10,-11.8,126,44
2016-04-08,63,10,-13.0,126,44
2016-04-09,63,10,-10.6,126,44
2016-04-10,62,10,-6.4,126,44
2016-04-11,61,10,-3.4,126,44
2016-04-12,60,10,-0.9,126,45
2016-04-13,60,10,-0.9,127,45
2016-04-14,60,10,2.8,127,45
2016-04-15,59,10,0.7,127,46
2016-04-16,57,10,1.9,127,47
2016-04-17,52,10,-0.3,127,47
2016-04-18,49,10,-3.4,127,47
2016-04-19,49,10,-3.4,127,47
2016-04-20,47,10,-0.1,127,47
2016-04-21,47,10,-0.1,127,48
2016-04-22,46,10,-0.2,127,49
2016-04-23,45,10,1.6,127,51
2016-04-24,43,10,-0.1,127,54
2016-04-25,40,10,1.0,127,55
2016-04-26,39,10,4.2,127,58
2016-04-27,36,10,6.0,127,59
2016-04-28,29,10,6.4,127,60
2016-04-29,24,10,5.5,128,61
2016-04-30,21,10,1.7,130,66
2016-05-01,20,10,1.2,132,72
2016-05-02,18,10,-1.5,136,89
2016-05-03,17,10,-3.3,144,92
2016-05-04,17,10,-0.5,157,97
2016-05-05,17,10,1.8,165,102
2016-05-06,15,10,3.3,168,105
2016-05-07,11,8,5.4,179,115
2016-05-08,9,7,0.9,200,136
2016-05-09,7,6,0.0,257,166
2016-05-10,6,6,-1.7,301,198
2016-05-11,5,6,0.4,309,227
2016-05-12,3,6,2.6,294,239
2016-05-13,2,5,3.9,265,263
2016-05-14,0,4,3.0,308,288
2016-05-15,0,4,5.3,302,187
2016-05-16,0,4,0.9,325,307
2016-05-17,0,4,2.5,377,330
2016-05-18,0,3,5.4,402,363
2016-05-19,0,3,5.6,414,377
2016-05-20,0,2,7.9,438,415
2016-05-21,0,2,13.5,471,421
2016-05-22,0,2,12.6,494,440
2016-05-23,0,1,10.1,537,470
2016-05-24,0,1,3.1,623,499
2016-05-25,0,0,2.3,635,535
2016-05-26,0,0,3.0,619,543
2016-05-27,0,0,5.1,599,533
2016-05-28,0,0,4.5,543,515
2016-05-29,0,0,9.3,525,485
2016-05-30,0,0,8.2,514,446
2016-05-31,0,0,11.9,526,405
2016-06-01,0,0,15.6,537,380
2016-06-02,0,0,11.5,530,375
2016-06-03,0,0,9.3,523,374
2016-06-04,0,0,11.0,504,369
2016-06-05,0,0,13.6,483,350
2016-06-06,0,0,17.0,456,329
2016-06-07,0,0,19.0,429,308
2016-06-08,0,0,17.7,402,282
2016-06-09,0,0,18.0,378,258
2016-06-10,0,0,18.7,359,234
2016-06-11,0,0,21.8,341,208
2016-06-12,0,0,21.7,323,184
2016-06-13,0,0,20.9,306,168
2016-06-14,0,0,17.4,289,160
2016-06-15,0,0,15.6,272,150
2016-06-16,0,0,15.8,253,137
2016-06-17,0,0,14.1,237,126
2016-06-18,0,0,14.2,204,115
2016-06-19,0,0,14.3,182,105
2016-06-20,0,0,13.4,169,96
2016-06-21,0,0,16.0,159,89
2016-06-22,0,0,19.5,152,81
2016-06-23,0,0,20.1,147,75
2016-06-24,0,0,19.5,142,71
2016-06-25,0,0,16.7,140,67
2016-06-26,0,0,16.9,138,63
2016-06-27,0,0,18.5,134,61
2016-06-28,0,0,20.6,129,58
2016-06-29,0,0,21.6,127,56
2016-06-30,0,0,22.9,126,54
2016-07-01,0,0,21.7,122,53
2016-07-02,0,0,22.7,119,50
2016-07-03,0,0,19.9,119,48
2016-07-04,0,0,17.7,118,46
2016-07-05,0,0,18.7,118,44
2016-07-06,0,0,16.8,118,43
2016-07-07,0,0,18.1,117,41
2016-07-08,0,0,18.4,117,40
2016-07-09,0,0,19.8,116,39
2016-07-10,0,0,17.2,116,38
2016-07-11,0,0,18.5,116,36
2016-07-12,0,0,13.8,115,35
2016-07-13,0,0,13.1,115,35
2016-07-14,0,0,13.7,115,33
2016-07-15,0,0,15.7,114,31
2016-07-16,0,0,15.0,114,30
2016-07-17,0,0,14.9,113,30
2016-07-18,0,0,11.6,113,29
2016-07-19,0,0,16.2,113,29
2016-07-20,0,0,16.5,113,28
2016-07-21,0,0,15.8,112,28
2016-07-22,0,0,17.2,112,28
2016-07-23,0,0,16.5,112,27
2016-07-24,0,0,13.0,112,27
2016-07-25,0,0,15.6,111,26
2016-07-26,0,0,20.5,111,25
2016-07-27,0,0,22.8,111,25
2016-07-28,0,0,19.3,111,25
2016-07-29,0,0,18.2,111,25
2016-07-30,0,0,17.6,110,24
2016-07-31,0,0,18.3,110,24
2016-08-01,0,0,17.7,110,23
2016-08-02,0,0,13.8,110,23
2016-08-03,0,0,13.2,110,22
2016-08-04,0,0,14.7,110,22
2016-08-05,0,0,16.4,110,21
2016-08-06,0,0,17.5,110,21
2016-08-07,0,0,19.9,110,20
2016-08-08,0,0,19.1,111,21
2016-08-09,0,0,18.6,111,21
2016-08-10,0,0,15.2,110,20
2016-08-11,0,0,16.7,111,19
2016-08-12,0,0,13.7,111,19
2016-08-13,0,0,13.7,109,18
2016-08-14,0,0,18.9,108,18
2016-08-15,0,0,17.4,108,18
2016-08-16,0,0,15.7,107,18
2016-08-17,0,0,15.4,106,17
2016-08-18,0,0,13.6,106,17
2016-08-19,0,0,12.2,105,17
2016-08-20,0,0,8.4,107,18
2016-08-21,0,0,9.7,106,18
2016-08-22,0,0,8.3,106,17
2016-08-23,0,0,10.8,105,16
2016-08-24,0,0,14.5,106,16
2016-08-25,0,0,11.5,106,15
2016-08-26,0,0,13.6,106,16
2016-08-27,0,0,8.2,107,16
2016-08-28,0,0,14.1,107,17
2016-08-29,0,0,17.6,107,17
2016-08-30,0,0,18.7,107,17
2016-08-31,0,0,16.6,107,16
2016-09-01,0,0,16.8,107,16
2016-09-02,0,0,12.0,107,16
2016-09-03,0,0,11.5,107,16
2016-09-04,0,0,10.6,107,16
2016-09-05,0,0,8.9,107,17
2016-09-06,0,0,6.7,107,17
2016-09-07,0,0,7.1,107,17
2016-09-08,0,0,7.3,107,16
2016-09-09,0,0,7.7,107,16
2016-09-10,0,0,9.3,106,16
2016-09-11,0,0,8.2,106,15
2016-09-12,0,0,8.5,106,14
2016-09-13,0,0,7.0,106,13
2016-09-14,0,0,6.4,106,13
2016-09-15,0,0,6.8,106,12
2016-09-16,0,0,8.3,106,11
2016-09-17,0,0,8.0,106,11
2016-09-18,0,0,6.2,105,10
2016-09-19,0,0,4.2,105,10
2016-09-20,0,0,3.8,105,10
2016-09-21,0,0,2.9,105,9
2016-09-22,0,0,5.2,105,9
2016-09-23,0,0,4.1,105,10
2016-09-24,0,0,1.0,105,10
2016-09-25,0,0,0.9,105,10
2016-09-26,0,0,1.7,105,9
2016-09-27,0,0,7.7,105,9
2016-09-28,0,0,1.0,105,9
2016-09-29,0,0,-1.3,104,9
2016-09-30,0,0,-5.2,104,9
2016-10-01,0,0,-4.5,104,8
2016-10-02,0,10,-7.7,105,8
2016-10-03,0,0,-8.1,109,8
2016-10-04,1,10,-1.1,110,7
2016-10-05,2,10,-0.7,109,8
2016-10-06,0,0,0.4,107,8
2016-10-07,0,0,-2.0,107,9
2016-10-08,0,0,-6.7,107,9
2016-10-09,0,0,-6.9,111,8
2016-10-10,0,0,-8.5,119,8
2016-10-11,0,0,-11.3,118,7
2016-10-12,0,0,-9.0,118,7
2016-10-13,2,10,-6.7,118,7
2016-10-14,12,10,-10.5,117,8
2016-10-15,11,10,-7.0,115,9
2016-10-16,11,10,-8.4,113,10
2016-10-17,11,10,-9.1,113,11
2016-10-18,11,10,-14.4,112,12
2016-10-19,10,10,-11.7,112,13
2016-10-20,10,10,-12.8,112,14
2016-10-21,10,10,-16.0,111,15
2016-10-22,9,10,-11.5,111,17
2016-10-23,9,10,-9.9,111,18
2016-10-24,11,10,-7.7,111,19
2016-10-25,11,10,-8.5,111,20
2016-10-26,11,10,-14.5,111,21
2016-10-27,12,10,-18.5,110,23
2016-10-28,12,10,-24.6,110,25
2016-10-29,12,10,-24.8,110,25
2016-10-30,12,10,-24.4,110,25
2016-10-31,13,10,-15.5,110,25
2016-11-01,13,10,-24.8,110,26
2016-11-02,13,10,-26.5,110,26
2016-11-03,13,10,-20.9,110,27
2016-11-04,13,10,-23.8,110,28
2016-11-05,13,10,-25.3,110,28
2016-11-06,13,10,-23.8,110,28
2016-11-07,13,10,-27.1,110,28
2016-11-08,13,10,-23.7,110,29
2016-11-09,14,10,-15.5,110,29
2016-11-10,14,10,-21.7,110,30
2016-11-11,15,10,-21.9,110,30
2016-11-12,15,10,-26.6,110,30
2016-11-13,15,10,-30.7,110,31
2016-11-14,15,10,-37.6,110,30
2016-11-15,15,10,-33.4,110,29
2016-11-16,15,10,-29.9,110,28
2016-11-17,15,10,-31.2,110,28
2016-11-18,15,10,-25.0,110,27
2016-11-19,16,10,-22.0,110,27
2016-11-20,19,10,-15.5,110,27
2016-11-21,18,10,-15.9,110,27
2016-11-22,19,10,-21.8,110,26
2016-11-23,19,10,-16.8,110,27
2016-11-24,21,10,-15.8,110,26
2016-11-25,21,10,-15.6,110,26
2016-11-26,21,10,-23.7,110,26
2016-11-27,23,10,-9.6,110,26
2016-11-28,24,10,-13.3,110,26
2016-11-29,26,10,-9.0,110,26
2016-11-30,28,10,-18.1,110,26
2016-12-01,31,10,-13.3,110,26
2016-12-02,32,10,-27.8,110,26
2016-12-03,32,10,-30.0,110,26
2016-12-04,32,10,-38.6,110,26
2016-12-05,32,10,-35.0,110,26
2016-12-06,32,10,-27.4,110,26
2016-12-07,32,10,-31.5,110,26
2016-12-08,32,10,-28.9,110,25
2016-12-09,33,10,-29.1,110,25
2016-12-10,35,10,-12.6,110,25
2016-12-11,35,10,-17.6,110,26
2016-12-12,35,10,-34.9,110,27
2016-12-13,34,10,-32.2,110,27
2016-12-14,35,10,-19.3,110,27
2016-12-15,38,10,-12.3,110,26
2016-12-16,45,10,-17.2,110,26
2016-12-17,44,10,-35.1,110,26
2016-12-18,45,10,-29.6,110,27
2016-12-19,45,10,-34.3,110,27
2016-12-20,45,10,-33.3,110,27
2016-12-21,45,10,-19.8,110,27
2016-12-22,46,10,-14.7,110,26
2016-12-23,46,10,-30.8,110,26
2016-12-24,42,10,-40.5,110,27
2016-12-25,44,10,-28.0,110,27
2016-12-26,43,10,-16.5,110,28
2016-12-27,42,10,-25.2,110,27
2016-12-28,42,10,-13.5,110,26
2016-12-29,44,10,-10.3,110,27
2016-12-30,45,10,-10.7,111,26
2016-12-31,44,10,-15.5,111,26
2017-01-01,44,10,-10.4,111,26
2017-01-02,45,10,-9.6,111,26
2017-01-03,46,10,-8.9,111,26
2017-01-04,49,10,-21.2,111,26
2017-01-05,52,10,-18.5,111,25
2017-01-06,55,10,-11.5,111,26
2017-01-07,56,10,-22.0,111,25
2017-01-08,59,10,-40.4,111,25
2017-01-09,56,10,-40.7,111,25
2017-01-10,56,10,-41.8,111,25
2017-01-11,56,10,-39.8,111,25
2017-01-12,54,10,-39.9,111,25
2017-01-13,54,10,-31.9,111,24
2017-01-14,54,10,-26.4,111,24
2017-01-15,54,10,-31.3,111,24
2017-01-16,54,10,-40.5,111,25
2017-01-17,54,10,-38.8,111,24
2017-01-18,52,10,-30.0,111,24
2017-01-19,53,10,-26.1,110,24
2017-01-20,53,10,-39.7,110,24
2017-01-21,53,10,-36.3,110,24
2017-01-22,53,10,-22.0,110,24
2017-01-23,55,10,-11.5,110,24
2017-01-24,54,10,-15.1,110,24
2017-01-25,53,10,-12.4,110,23
2017-01-26,53,10,-19.1,110,21
2017-01-27,54,10,-30.5,110,21
2017-01-28,54,10,-31.3,110,21
2017-01-29,54,10,-23.2,110,21
2017-01-30,53,10,-21.0,110,21
2017-01-31,53,10,-22.4,110,21
2017-02-01,53,10,-13.1,110,21
2017-02-02,53,10,-9.4,110,21
2017-02-03,54,10,-14.0,110,22
2017-02-04,55,10,-22.1,110,22
2017-02-05,55,10,-26.7,110,22
2017-02-06,56,10,-22.4,110,22
2017-02-07,55,10,-30.9,110,22
2017-02-08,55,10,-27.0,110,22
2017-02-09,55,10,-18.4,110,22
2017-02-10,55,10,-22.6,110,22
2017-02-11,55,10,-19.7,110,22
2017-02-12,55,10,-23.4,110,23
2017-02-13,54,10,-31.5,110,22
2017-02-14,53,10,-31.4,110,24
2017-02-15,53,10,-19.7,110,23
2017-02-16,53,10,-22.3,110,24
2017-02-17,53,10,-20.5,110,23
2017-02-18,53,10,-21.3,110,24
2017-02-19,53,10,-11.2,110,24
2017-02-20,53,10,-15.4,110,24
2017-02-21,53,10,-17.1,110,24
2017-02-22,53,10,-19.8,110,25
2017-02-23,54,10,-4.2,110,25
2017-02-24,54,10,-2.7,110,25
2017-02-25,54,10,-5.2,110,25
2017-02-26,53,10,-22.1,110,26
2017-02-27,53,10,-26.7,110,26
2017-02-28,53,10,-27.6,110,26
2017-03-01,56,10,-15.2,110,27
2017-03-02,56,10,-21.8,110,27
2017-03-03,56,10,-18.1,110,26
2017-03-04,56,10,-16.1,110,27
2017-03-05,58,10,-5.9,110,28
2017-03-06,58,10,-2.1,110,27
2017-03-07,56,10,-1.0,110,28
2017-03-08,55,10,-3.4,110,27
2017-03-09,54,10,-10.7,110,28
2017-03-10,54,10,-19.8,110,28
2017-03-11,54,10,-8.3,110,28
2017-03-12,55,10,-7.3,110,28
2017-03-13,54,10,-2.5,110,28
2017-03-14,55,10,-3.6,110,28
2017-03-15,54,10,-2.7,110,28
2017-03-16,54,10,-12.2,110,28
2017-03-17,54,10,-7.3,110,28
2017-03-18,52,10,-11.7,110,27
2017-03-19,52,10,-7.2,110,27
2017-03-20,54,10,-1.8,110,27
2017-03-21,53,10,-3.8,110,27
2017-03-22,51,10,-7.2,110,27
2017-03-23,51,10,-5.2,110,28
2017-03-24,50,10,-4.1,110,28
2017-03-25,50,10,-3.9,110,27
2017-03-26,49,10,-3.8,110,27
2017-03-27,48,10,-0.7,110,27
2017-03-28,48,10,-5.0,110,27
2017-03-29,48,10,2.9,110,27
2017-03-30,43,10,6.3,110,27
2017-03-31,41,10,2.3,110,28
2017-04-01,39,10,2.2,110,28
2017-04-02,37,10,1.2,110,28
2017-04-03,37,10,-5.2,110,28
2017-04-04,35,10,-3.2,110,28
2017-04-05,35,10,-6.2,110,28
2017-04-06,39,10,-4.6,110,28
2017-04-07,39,10,-7.6,110,28
2017-04-08,40,10,-1.7,110,28
2017-04-09,38,10,-8.9,110,28
2017-04-10,38,10,-7.3,110,28
2017-04-11,38,10,-9.1,110,28
2017-04-12,40,10,1.3,110,28
2017-04-13,40,10,1.3,110,28
2017-04-14,39,10,-3.0,110,28
2017-04-15,38,10,-4.9,110,29
2017-04-16,38,10,0.3,110,33
2017-04-17,36,10,4.0,110,33
2017-04-18,33,10,3.8,110,33
2017-04-19,30,10,2.3,110,34
2017-04-20,27,10,-0.1,110,34
2017-04-21,23,10,-4.1,110,33
2017-04-22,22,10,-2.1,110,34
2017-04-23,21,10,-1.3,110,34
2017-04-24,19,10,2.2,110,36
2017-04-25,17,10,4.9,110,37
2017-04-26,15,10,7.5,110,42
2017-04-27,13,10,7.8,110,39
2017-04-28,10,10,8.6,116,39
2017-04-29,8,7,3.8,140,43
2017-04-30,1,4,4.6,187,50
2017-05-01,1,3,0.3,248,58
2017-05-02,1,4,-3.1,276,98
2017-05-03,0,4,-2.8,291,157
2017-05-04,0,4,-2.0,298,185
2017-05-05,0,3,-0.2,306,204
2017-05-06,1,10,4.0,311,247
2017-05-07,0,3,7.0,294,242
2017-05-08,0,3,7.3,291,239
2017-05-09,0,2,5.8,335,210
2017-05-10,0,2,4.6,365,250
2017-05-11,0,2,5.0,400,309
2017-05-12,0,1,8.2,420,374
2017-05-13,0,1,11.3,439,386
2017-05-14,0,1,12.4,432,387
2017-05-15,0,1,9.3,412,380
2017-05-16,0,0,10.0,434,380
2017-05-17,0,0,2.9,422,385
2017-05-18,0,7,1.2,405,378
2017-05-19,0,0,0.7,394,362
2017-05-20,0,0,2.0,383,338
2017-05-21,0,9,3.8,368,319
2017-05-22,0,0,4.7,368,288
2017-05-23,0,0,10.5,362,273
2017-05-24,0,0,16.7,356,263
2017-05-25,0,0,14.6,343,251
2017-05-26,0,0,10.5,340,239
2017-05-27,0,0,5.9,332,223
2017-05-28,0,0,6.2,323,202
2017-05-29,0,0,8.8,310,200
2017-05-30,0,0,13.7,292,195
2017-05-31,0,0,15.7,277,185
2017-06-01,0,0,13.2,260,173
2017-06-02,0,0,11.7,245,160
2017-06-03,0,0,8.9,229,148
2017-06-04,0,0,9.8,212,137
2017-06-05,0,0,16.5,191,128
2017-06-06,0,0,10.4,175,121
2017-06-07,0,0,9.9,174,113
2017-06-08,0,0,9.3,181,107
2017-06-09,0,0,12.4,184,105
2017-06-10,0,0,15.9,182,106
2017-06-11,0,0,18.9,180,106
2017-06-12,0,0,20.5,178,105
2017-06-13,0,0,16.8,177,101
2017-06-14,0,0,15.7,174,96
2017-06-15,0,0,18.6,171,91
2017-06-16,0,0,20.0,166,90
2017-06-17,0,0,16.9,159,86
2017-06-18,0,0,14.4,153,82
2017-06-19,0,0,16.8,147,78
2017-06-20,0,0,21.0,142,74
2017-06-21,0,0,23.1,137,66
2017-06-22,0,0,23.7,131,58
2017-06-23,0,0,23.6,126,54
2017-06-24,0,0,19.8,122,49
2017-06-25,0,0,17.6,119,49
2017-06-26,0,0,18.5,117,57
2017-06-27,0,0,19.8,114,56
2017-06-28,0,0,21.2,112,51
2017-06-29,0,0,22.1,112,46
2017-06-30,0,0,24.2,112,44
2017-07-01,0,0,22.5,112,43
2017-07-02,0,0,19.2,112,41
2017-07-03,0,0,18.2,112,40
2017-07-04,0,0,16.6,113,40
2017-07-05,0,0,15.4,115,37
2017-07-06,0,0,18.4,122,35
2017-07-07,0,0,15.6,125,36
2017-07-08,0,0,14.9,126,38
2017-07-09,0,0,16.6,127,41
2017-07-10,0,0,17.3,129,41
2017-07-11,0,0,17.7,129,42
2017-07-12,0,0,16.5,127,42
2017-07-13,0,0,19.2,125,42
2017-07-14,0,0,21.0,123,41
2017-07-15,0,0,19.1,120,40
2017-07-16,0,0,18.6,121,37
2017-07-17,0,0,17.3,120,35
2017-07-18,0,0,16.4,129,33
2017-07-19,0,0,16.1,137,32
2017-07-20,0,0,18.2,137,31
2017-07-21,0,0,16.2,133,35
2017-07-22,0,0,14.0,128,37
2017-07-23,0,0,16.8,125,36
2017-07-24,0,0,19.1,123,33
2017-07-25,0,0,20.9,121,31
2017-07-26,0,0,20.2,119,29
2017-07-27,0,0,19.8,116,28
2017-07-28,0,0,19.2,114,28
2017-07-29,0,0,17.9,113,26
2017-07-30,0,0,22.1,112,24
2017-07-31,0,0,19.7,111,23
2017-08-01,0,0,21.0,110,22
2017-08-02,0,0,20.2,110,22
2017-08-03,0,0,21.0,110,20
2017-08-04,0,0,21.5,110,19
2017-08-05,0,0,21.3,110,18
2017-08-06,0,0,21.5,109,17
2017-08-07,0,0,21.9,109,16
2017-08-08,0,0,20.5,109,16
2017-08-09,0,0,21.1,108,15
2017-08-10,0,0,17.2,106,15
2017-08-11,0,0,15.2,106,15
2017-08-12,0,0,20.8,106,14
2017-08-13,0,0,21.9,105,14
2017-08-14,0,0,17.0,105,14
2017-08-15,0,0,12.9,105,13
2017-08-16,0,0,11.4,104,11
2017-08-17,0,0,15.3,104,11
2017-08-18,0,0,14.2,104,11
2017-08-19,0,0,14.3,103,10
2017-08-20,0,0,14.5,103,10
2017-08-21,0,0,16.0,103,10
2017-08-22,0,0,12.4,103,9
2017-08-23,0,0,11.9,103,7
2017-08-24,0,0,9.5,102,8
2017-08-25,0,0,7.7,102,9
2017-08-26,0,0,5.3,102,7
2017-08-27,0,0,6.2,101,6
2017-08-28,0,0,6.4,101,6
2017-08-29,0,0,11.0,100,6
2017-08-30,0,0,14.4,100,7
2017-08-31,0,0,14.4,100,7
2017-09-01,0,0,9.8,100,7
2017-09-02,0,0,8.9,100,7
2017-09-03,0,0,11.1,100,7
2017-09-04,0,0,9.3,100,9
2017-09-05,0,0,7.4,100,9
2017-09-06,0,0,8.4,100,10
2017-09-07,0,0,4.3,100,10
2017-09-08,0,0,6.3,102,12
2017-09-09,0,0,5.9,106,14
2017-09-10,0,0,3.9,108,14
2017-09-11,0,0,4.1,108,14
2017-09-12,0,0,9.5,108,18
2017-09-13,0,0,10.2,107,19
2017-09-14,0,0,8.0,107,19
2017-09-15,0,0,3.4,107,21
2017-09-16,0,5,2.7,107,25
2017-09-17,0,0,2.0,107,26
2017-09-18,0,0,1.6,107,26
2017-09-19,0,0,2.7,109,26
2017-09-20,0,0,4.4,109,26
2017-09-21,0,0,0.8,108,26
2017-09-22,0,0,1.1,108,26
2017-09-23,0,0,0.2,108,26
2017-09-24,0,0,-0.8,108,26
2017-09-25,0,6,-0.4,108,27
2017-09-26,0,10,-1.7,108,28
2017-09-27,1,10,-0.4,108,28
2017-09-28,1,10,0.6,108,27
2017-09-29,0,0,1.1,108,27
2017-09-30,1,10,1.1,108,26
2017-10-01,0,0,1.3,108,26
2017-10-02,0,0,0.4,108,26
2017-10-03,4,10,1.2,108,26
2017-10-04,0,0,1.8,108,25
2017-10-05,0,0,-1.5,107,25
2017-10-06,0,8,0.6,107,25
2017-10-07,0,0,0.7,106,24
2017-10-08,0,0,-1.2,106,24
2017-10-09,0,0,-0.1,105,24
2017-10-10,0,0,0.3,105,21
2017-10-11,0,8,0.2,105,17
2017-10-12,3,10,0.1,105,16
2017-10-13,0,8,-1.5,106,15
2017-10-14,2,10,-4.4,107,14
2017-10-15,5,10,-6.3,106,13
2017-10-16,8,10,-3.5,106,12
2017-10-17,9,10,-1.6,108,12
2017-10-18,8,10,-7.1,109,10
2017-10-19,8,10,-15.5,109,10
2017-10-20,8,10,-12.7,109,10
2017-10-21,7,10,-10.2,109,10
2017-10-22,7,10,0.1,109,10
2017-10-23,7,10,0.8,109,11
2017-10-24,4,10,-2.3,108,11
2017-10-25,4,10,-7.2,108,11
2017-10-26,4,10,-3.8,108,11
2017-10-27,5,10,-3.3,108,12
2017-10-28,5,10,-1.2,108,15
2017-10-29,5,10,-2.3,108,16
2017-10-30,7,10,-1.3,108,17
2017-10-31,8,10,-8.8,108,19
2017-11-01,9,10,-15.3,108,21
2017-11-02,9,10,-19.4,108,28
2017-11-03,9,10,-6.7,108,35
2017-11-04,12,10,-0.9,108,42
2017-11-05,14,10,-3.0,108,55
2017-11-06,14,10,-4.1,108,53
2017-11-07,15,10,-4.6,108,53
2017-11-08,17,10,-5.8,108,52
2017-11-09,17,10,-8.3,108,48
2017-11-10,17,10,-2.4,108,45
2017-11-11,18,10,-3.0,108,42
2017-11-12,19,10,-14.7,108,39
2017-11-13,20,10,-27.2,108,35
2017-11-14,20,10,-28.4,108,34
2017-11-15,20,10,-28.8,108,33
2017-11-16,20,10,-33.5,108,31
2017-11-17,20,10,-29.9,108,30
2017-11-18,20,10,-27.2,108,29
2017-11-19,20,10,-17.7,108,27
2017-11-20,26,10,-9.8,108,26
2017-11-21,29,10,-25.9,108,26
2017-11-22,28,10,-36.0,108,27
2017-11-23,28,10,-34.4,108,27
2017-11-24,28,10,-36.9,108,26
2017-11-25,28,10,-35.0,108,26
2017-11-26,31,10,-28.4,108,26
2017-11-27,31,10,-37.8,108,26
2017-11-28,31,10,-41.3,108,26
2017-11-29,31,10,-28.7,108,26
2017-11-30,32,10,-31.7,108,26
2017-12-01,32,10,-29.4,108,25
2017-12-02,32,10,-32.9,108,26
2017-12-03,32,10,-28.1,108,26
2017-12-04,33,10,-15.3,108,25
2017-12-05,38,10,-13.5,108,24
2017-12-06,41,10,-16.2,108,24
2017-12-07,40,10,-6.2,108,23
2017-12-08,39,10,-10.2,108,23
2017-12-09,39,10,-36.8,108,22
2017-12-10,39,10,-43.7,108,22
2017-12-11,39,10,-39.3,108,22
2017-12-12,39,10,-31.8,108,22
2017-12-13,39,10,-31.1,108,23
2017-12-14,39,10,-40.8,108,23
2017-12-15,40,10,-23.5,108,23
2017-12-16,41,10,-16.0,108,24
2017-12-17,41,10,-18.3,108,24
2017-12-18,43,10,-18.0,108,25
2017-12-19,44,10,-14.0,108,25
2017-12-20,46,10,-11.1,108,25
2017-12-21,46,10,-16.2,108,25
2017-12-22,46,10,-27.2,108,25
2017-12-23,46,10,-29.9,108,25
2017-12-24,45,10,-41.7,108,25
2017-12-25,45,10,-45.2,108,25
2017-12-26,45,10,-33.6,108,25
2017-12-27,45,10,-11.8,108,25
2017-12-28,46,10,-21.5,108,25
2017-12-29,47,10,-21.0,108,25
2017-12-30,47,10,-29.9,108,25
2017-12-31,47,10,-31.0,108,25
